{"txId": "019969c995a6b76434504d951cd26131737fb4cfaab8c4c508b036ba672146b1", "ctime": "Wed, 17 Apr 2019 06:28:11 UTC", "utime": "Wed, 17 Apr 2019 06:28:11 UTC", "key": "ORDER306", "txData": {"txId": "019969c995a6b76434504d951cd26131737fb4cfaab8c4c508b036ba672146b1", "fcn": "initLedger", "args": [], "channelName": "mychannel", "chaincodeName": "beer-supplychain", "username": "client1", "orgName": "Org1"}, "data": {"State": "1", "count": "0", "ctime": "Wed, 17 Apr 2019 06:28:11 UTC", "owner": "Genesis", "utime": "Wed, 17 Apr 2019 06:28:11 UTC"}}