{"txId": "01eb399f3e80cf1dfce919c7cefdcb1abc8a481a1283ec188ed6591d47207f38", "ctime": "Wed, 17 Apr 2019 05:29:47 UTC", "utime": "Wed, 17 Apr 2019 05:29:47 UTC", "key": "ORDER290", "txData": {"txId": "01eb399f3e80cf1dfce919c7cefdcb1abc8a481a1283ec188ed6591d47207f38", "fcn": "initLedger", "args": [], "channelName": "mychannel", "chaincodeName": "beer-supplychain", "username": "client1", "orgName": "Org1"}, "data": {"State": "1", "count": "0", "ctime": "Wed, 17 Apr 2019 05:29:47 UTC", "owner": "Genesis", "utime": "Wed, 17 Apr 2019 05:29:47 UTC"}}