{"txId": "025f59313757e99c021d47f8064bbb01ebf47cf8a37ace4af42705a9c3895603", "ctime": "Wed, 17 Apr 2019 05:13:57 UTC", "utime": "Wed, 17 Apr 2019 05:16:09 UTC", "key": "ORDER289", "txData": {"txId": "025f59313757e99c021d47f8064bbb01ebf47cf8a37ace4af42705a9c3895603", "fcn": "requestTransfer", "args": ["Retailer", "3"], "channelName": "mychannel", "chaincodeName": "beer-supplychain", "username": "client1", "orgName": "Org1"}, "data": {"State": "2", "count": "3", "ctime": "Wed, 17 Apr 2019 05:13:57 UTC", "owner": "Retailer", "utime": "Wed, 17 Apr 2019 05:16:09 UTC"}}