{"txId": "031ed76a89e5d199e36d23ba04ba819c8df98acb5c1e6d3b86bf68873b0c7f43", "ctime": "Wed, 17 Apr 2019 08:57:15 UTC", "utime": "Wed, 17 Apr 2019 08:57:15 UTC", "key": "ORDER346", "txData": {"txId": "031ed76a89e5d199e36d23ba04ba819c8df98acb5c1e6d3b86bf68873b0c7f43", "fcn": "initLedger", "args": [], "channelName": "mychannel", "chaincodeName": "beer-supplychain", "username": "client1", "orgName": "Org1"}, "data": {"State": "1", "count": "0", "ctime": "Wed, 17 Apr 2019 08:57:15 UTC", "owner": "Genesis", "utime": "Wed, 17 Apr 2019 08:57:15 UTC"}}