{"txId": "03654eb01817c82e3a885aebbbfb3eb146ef955387d17aba8e7572c126ec47bf", "ctime": "Wed, 17 Apr 2019 06:05:28 UTC", "utime": "Wed, 17 Apr 2019 06:06:03 UTC", "key": "ORDER303", "txData": {"txId": "03654eb01817c82e3a885aebbbfb3eb146ef955387d17aba8e7572c126ec47bf", "fcn": "startTransfer", "args": ["Manufacturer", "10"], "channelName": "mychannel", "chaincodeName": "beer-supplychain", "username": "client1", "orgName": "Org1"}, "data": {"State": "2", "count": "10", "ctime": "Wed, 17 Apr 2019 06:05:28 UTC", "owner": "Manufacturer", "utime": "Wed, 17 Apr 2019 06:06:03 UTC"}}