{"txId": "03e6063d907320b4e24cdccf92d192c4c9ebac40ad1f3747b04519d6c34a6014", "ctime": "Wed, 17 Apr 2019 08:04:12 UTC", "utime": "Wed, 17 Apr 2019 08:04:12 UTC", "key": "ORDER320", "txData": {"txId": "03e6063d907320b4e24cdccf92d192c4c9ebac40ad1f3747b04519d6c34a6014", "fcn": "initLedger", "args": [], "channelName": "mychannel", "chaincodeName": "beer-supplychain", "username": "client1", "orgName": "Org1"}, "data": {"State": "1", "count": "0", "ctime": "Wed, 17 Apr 2019 08:04:12 UTC", "owner": "Genesis", "utime": "Wed, 17 Apr 2019 08:04:12 UTC"}}