{"txId": "0438f3d566e9c4017bba9ce0231d0a64002df0ce2780b9a4ad95c540443f3c3d", "ctime": "Wed, 17 Apr 2019 02:12:44 UTC", "utime": "Wed, 17 Apr 2019 02:12:48 UTC", "key": "ORDER227", "txData": {"txId": "0438f3d566e9c4017bba9ce0231d0a64002df0ce2780b9a4ad95c540443f3c3d", "fcn": "startTransfer", "args": ["Manufacturer", "10"], "channelName": "mychannel", "chaincodeName": "beer-supplychain", "username": "client1", "orgName": "Org1"}, "data": {"State": "2", "count": "10", "ctime": "Wed, 17 Apr 2019 02:12:44 UTC", "owner": "Manufacturer", "utime": "Wed, 17 Apr 2019 02:12:48 UTC"}}