{"txId": "04fa99d270fc113b45119c81da9bc179b3d220d2c51548138e60127453738f4d", "ctime": "Wed, 17 Apr 2019 07:49:56 UTC", "utime": "Wed, 17 Apr 2019 07:53:34 UTC", "key": "ORDER318", "txData": {"txId": "04fa99d270fc113b45119c81da9bc179b3d220d2c51548138e60127453738f4d", "fcn": "acceptTransfer", "args": [], "channelName": "mychannel", "chaincodeName": "beer-supplychain", "username": "client1", "orgName": "Org1"}, "data": {"State": "3", "count": "3", "ctime": "Wed, 17 Apr 2019 07:49:56 UTC", "owner": "Retailer", "utime": "Wed, 17 Apr 2019 07:53:34 UTC"}}