{"txId": "05e063d9c357086940cf84c5f77b839216e1d7a8b1a9453eb9eb5a9b76b685b4", "ctime": "Wed, 17 Apr 2019 08:51:56 UTC", "utime": "Wed, 17 Apr 2019 08:53:21 UTC", "key": "ORDER345", "txData": {"txId": "05e063d9c357086940cf84c5f77b839216e1d7a8b1a9453eb9eb5a9b76b685b4", "fcn": "acceptTransfer", "args": [], "channelName": "mychannel", "chaincodeName": "beer-supplychain", "username": "client1", "orgName": "Org1"}, "data": {"State": "3", "count": "10", "ctime": "Wed, 17 Apr 2019 08:51:56 UTC", "owner": "Manufacturer", "utime": "Wed, 17 Apr 2019 08:53:21 UTC"}}