{"txId": "063be960eef7beb03c182c0fd1e291e6560362f7a2ba6af9a54c7dde9589f279", "ctime": "Wed, 17 Apr 2019 06:56:38 UTC", "utime": "Wed, 17 Apr 2019 07:10:13 UTC", "key": "ORDER311", "txData": {"txId": "063be960eef7beb03c182c0fd1e291e6560362f7a2ba6af9a54c7dde9589f279", "fcn": "acceptTransfer", "args": [], "channelName": "mychannel", "chaincodeName": "beer-supplychain", "username": "client1", "orgName": "Org1"}, "data": {"State": "3", "count": "10", "ctime": "Wed, 17 Apr 2019 06:56:38 UTC", "owner": "Retailer", "utime": "Wed, 17 Apr 2019 07:10:13 UTC"}}