{"txId": "06b489a7c9aac86fc9725c146e1c9359a74271fc207bb47542a6be6c7edaa786", "ctime": "Wed, 17 Apr 2019 04:42:07 UTC", "utime": "Wed, 17 Apr 2019 04:42:09 UTC", "key": "ORDER276", "txData": {"txId": "06b489a7c9aac86fc9725c146e1c9359a74271fc207bb47542a6be6c7edaa786", "fcn": "startTransfer", "args": ["Manufacturer", "10"], "channelName": "mychannel", "chaincodeName": "beer-supplychain", "username": "client1", "orgName": "Org1"}, "data": {"State": "2", "count": "10", "ctime": "Wed, 17 Apr 2019 04:42:07 UTC", "owner": "Manufacturer", "utime": "Wed, 17 Apr 2019 04:42:09 UTC"}}