{"txId": "0a0f31eab73163de566eef16586eb406312a587fdb7c4c222986cc8ba9fe000a", "ctime": "Wed, 17 Apr 2019 01:53:51 UTC", "utime": "Wed, 17 Apr 2019 01:56:10 UTC", "key": "ORDER223", "txData": {"txId": "0a0f31eab73163de566eef16586eb406312a587fdb7c4c222986cc8ba9fe000a", "fcn": "acceptTransfer", "args": [], "channelName": "mychannel", "chaincodeName": "beer-supplychain", "username": "client1", "orgName": "Org1"}, "data": {"State": "3", "count": "3", "ctime": "Wed, 17 Apr 2019 01:53:51 UTC", "owner": "Retailer", "utime": "Wed, 17 Apr 2019 01:56:10 UTC"}}