{"txId": "0a7268522ba05e97dabe3e337685534149bf67a9c9f3bbe3186b6e5562188233", "ctime": "Wed, 17 Apr 2019 00:22:14 UTC", "utime": "Wed, 17 Apr 2019 00:22:14 UTC", "key": "ORDER209", "txData": {"txId": "0a7268522ba05e97dabe3e337685534149bf67a9c9f3bbe3186b6e5562188233", "fcn": "initLedger", "args": [], "channelName": "mychannel", "chaincodeName": "beer-supplychain", "username": "client1", "orgName": "Org1"}, "data": {"State": "1", "count": "0", "ctime": "Wed, 17 Apr 2019 00:22:14 UTC", "owner": "Genesis", "utime": "Wed, 17 Apr 2019 00:22:14 UTC"}}