{"txId": "0af4364f39750649a45c7dfdd10c06a17ca82a0f6c2be1cdd9021457d92dccbf", "ctime": "Wed, 17 Apr 2019 03:26:56 UTC", "utime": "Wed, 17 Apr 2019 03:26:59 UTC", "key": "ORDER253", "txData": {"txId": "0af4364f39750649a45c7dfdd10c06a17ca82a0f6c2be1cdd9021457d92dccbf", "fcn": "startTransfer", "args": ["Manufacturer", "10"], "channelName": "mychannel", "chaincodeName": "beer-supplychain", "username": "client1", "orgName": "Org1"}, "data": {"State": "2", "count": "10", "ctime": "Wed, 17 Apr 2019 03:26:56 UTC", "owner": "Manufacturer", "utime": "Wed, 17 Apr 2019 03:26:59 UTC"}}