{"txId": "109a362a30b2df4434f435afc07a06bb4896a8a5ac3c1d28b0931648dfdd898f", "ctime": "Wed, 17 Apr 2019 04:18:37 UTC", "utime": "Wed, 17 Apr 2019 04:18:37 UTC", "key": "ORDER259", "txData": {"txId": "109a362a30b2df4434f435afc07a06bb4896a8a5ac3c1d28b0931648dfdd898f", "fcn": "initLedger", "args": [], "channelName": "mychannel", "chaincodeName": "beer-supplychain", "username": "client1", "orgName": "Org1"}, "data": {"State": "1", "count": "0", "ctime": "Wed, 17 Apr 2019 04:18:37 UTC", "owner": "Genesis", "utime": "Wed, 17 Apr 2019 04:18:37 UTC"}}