{"txId": "1346fdb6700781c5dd8cb0ff108dacd77c54ee0d71e194587e08d5b76f0ba1bb", "ctime": "Wed, 17 Apr 2019 02:04:01 UTC", "utime": "Wed, 17 Apr 2019 02:08:36 UTC", "key": "ORDER226", "txData": {"txId": "1346fdb6700781c5dd8cb0ff108dacd77c54ee0d71e194587e08d5b76f0ba1bb", "fcn": "acceptTransfer", "args": [], "channelName": "mychannel", "chaincodeName": "beer-supplychain", "username": "client1", "orgName": "Org1"}, "data": {"State": "3", "count": "10", "ctime": "Wed, 17 Apr 2019 02:04:01 UTC", "owner": "ShippingCompany", "utime": "Wed, 17 Apr 2019 02:08:36 UTC"}}