{"txId": "13c482d327c713bcd0574304d9bc6bf06d400964e622811ed6623eb0a99022b3", "ctime": "Wed, 17 Apr 2019 07:14:18 UTC", "utime": "Wed, 17 Apr 2019 07:14:18 UTC", "key": "ORDER311", "txData": {"txId": "13c482d327c713bcd0574304d9bc6bf06d400964e622811ed6623eb0a99022b3", "fcn": "initLedger", "args": [], "channelName": "mychannel", "chaincodeName": "beer-supplychain", "username": "client1", "orgName": "Org1"}, "data": {"State": "1", "count": "0", "ctime": "Wed, 17 Apr 2019 07:14:18 UTC", "owner": "Genesis", "utime": "Wed, 17 Apr 2019 07:14:18 UTC"}}