{"txId": "1404ab52ee57e07afe9771d6631f96107686fe04d9d13ef85a2033913753e1dc", "ctime": "Wed, 17 Apr 2019 03:04:46 UTC", "utime": "Wed, 17 Apr 2019 03:04:46 UTC", "key": "ORDER239", "txData": {"txId": "1404ab52ee57e07afe9771d6631f96107686fe04d9d13ef85a2033913753e1dc", "fcn": "initLedger", "args": [], "channelName": "mychannel", "chaincodeName": "beer-supplychain", "username": "client1", "orgName": "Org1"}, "data": {"State": "1", "count": "0", "ctime": "Wed, 17 Apr 2019 03:04:46 UTC", "owner": "Genesis", "utime": "Wed, 17 Apr 2019 03:04:46 UTC"}}