{"txId": "14a84bdc43e0059d9a4ccad755fe751caff633a1207d45783b22bf489608ad3d", "ctime": "Wed, 17 Apr 2019 08:04:30 UTC", "utime": "Wed, 17 Apr 2019 08:04:32 UTC", "key": "ORDER323", "txData": {"txId": "14a84bdc43e0059d9a4ccad755fe751caff633a1207d45783b22bf489608ad3d", "fcn": "startTransfer", "args": ["Manufacturer", "10"], "channelName": "mychannel", "chaincodeName": "beer-supplychain", "username": "client1", "orgName": "Org1"}, "data": {"State": "2", "count": "10", "ctime": "Wed, 17 Apr 2019 08:04:30 UTC", "owner": "Manufacturer", "utime": "Wed, 17 Apr 2019 08:04:32 UTC"}}