{"txId": "153f9f4637da7eaebca02cdc6110dba2e92118211652fd26d43dc23713308f5b", "ctime": "Wed, 17 Apr 2019 08:06:52 UTC", "utime": "Wed, 17 Apr 2019 08:07:28 UTC", "key": "ORDER333", "txData": {"txId": "153f9f4637da7eaebca02cdc6110dba2e92118211652fd26d43dc23713308f5b", "fcn": "requestTransfer", "args": ["ShippingCompany", "10"], "channelName": "mychannel", "chaincodeName": "beer-supplychain", "username": "client1", "orgName": "Org1"}, "data": {"State": "2", "count": "10", "ctime": "Wed, 17 Apr 2019 08:06:52 UTC", "owner": "ShippingCompany", "utime": "Wed, 17 Apr 2019 08:07:28 UTC"}}