{"txId": "171b2f15254fe3e27ea85b6b8e28d25bd89859f888531825e18cadb52928e990", "ctime": "Wed, 17 Apr 2019 04:31:42 UTC", "utime": "Wed, 17 Apr 2019 04:31:42 UTC", "key": "ORDER265", "txData": {"txId": "171b2f15254fe3e27ea85b6b8e28d25bd89859f888531825e18cadb52928e990", "fcn": "initLedger", "args": [], "channelName": "mychannel", "chaincodeName": "beer-supplychain", "username": "client1", "orgName": "Org1"}, "data": {"State": "1", "count": "0", "ctime": "Wed, 17 Apr 2019 04:31:42 UTC", "owner": "Genesis", "utime": "Wed, 17 Apr 2019 04:31:42 UTC"}}