{"txId": "18e4519c8c5210329d63dc8c153411c6908b9ad1e32d2c40dac54622772ec578", "ctime": "Wed, 17 Apr 2019 04:32:00 UTC", "utime": "Wed, 17 Apr 2019 04:32:27 UTC", "key": "ORDER269", "txData": {"txId": "18e4519c8c5210329d63dc8c153411c6908b9ad1e32d2c40dac54622772ec578", "fcn": "acceptTransfer", "args": [], "channelName": "mychannel", "chaincodeName": "beer-supplychain", "username": "client1", "orgName": "Org1"}, "data": {"State": "3", "count": "10", "ctime": "Wed, 17 Apr 2019 04:32:00 UTC", "owner": "Manufacturer", "utime": "Wed, 17 Apr 2019 04:32:27 UTC"}}