{"txId": "1914758252dcce98e18db966121713d6a4ed19d901fcd3819cb869b2d12fd973", "ctime": "Wed, 17 Apr 2019 16:52:02 UTC", "utime": "Wed, 17 Apr 2019 16:52:26 UTC", "key": "ORDER356", "txData": {"txId": "1914758252dcce98e18db966121713d6a4ed19d901fcd3819cb869b2d12fd973", "fcn": "acceptTransfer", "args": [], "channelName": "mychannel", "chaincodeName": "beer-supplychain", "username": "client1", "orgName": "org1"}, "data": {"State": "3", "count": "30", "ctime": "Wed, 17 Apr 2019 16:52:02 UTC", "owner": "Retailer", "utime": "Wed, 17 Apr 2019 16:52:26 UTC"}}