{"txId": "1a8a29f928e033265666bbe3c0f4308ccbbef1d8b167b4ae421eec45f1acb5de", "ctime": "Wed, 17 Apr 2019 02:04:01 UTC", "utime": "Wed, 17 Apr 2019 02:08:58 UTC", "key": "ORDER226", "txData": {"txId": "1a8a29f928e033265666bbe3c0f4308ccbbef1d8b167b4ae421eec45f1acb5de", "fcn": "createOrder", "args": ["ORDER226", "4", "10", "ShippingCompany"], "channelName": "mychannel", "chaincodeName": "beer-supplychain", "username": "client1", "orgName": "Org1"}, "data": {"State": "4", "count": "10", "ctime": "Wed, 17 Apr 2019 02:04:01 UTC", "owner": "ShippingCompany", "utime": "Wed, 17 Apr 2019 02:08:58 UTC"}}