{"txId": "1f450d74fa0ed16806997bd5504532dfd2e03066874cc26d1df04ec418731b08", "ctime": "Wed, 17 Apr 2019 02:48:03 UTC", "utime": "Wed, 17 Apr 2019 02:50:45 UTC", "key": "ORDER237", "txData": {"txId": "1f450d74fa0ed16806997bd5504532dfd2e03066874cc26d1df04ec418731b08", "fcn": "createOrder", "args": ["ORDER237", "4", "10", "ShippingCompany"], "channelName": "mychannel", "chaincodeName": "beer-supplychain", "username": "client1", "orgName": "Org1"}, "data": {"State": "4", "count": "10", "ctime": "Wed, 17 Apr 2019 02:48:03 UTC", "owner": "ShippingCompany", "utime": "Wed, 17 Apr 2019 02:50:45 UTC"}}