{"txId": "1fc2166b36523d67989670a9283b8ea3202344a863ad152a072ddfbb82a7d842", "ctime": "Wed, 17 Apr 2019 04:03:00 UTC", "utime": "Wed, 17 Apr 2019 04:03:00 UTC", "key": "ORDER256", "txData": {"txId": "1fc2166b36523d67989670a9283b8ea3202344a863ad152a072ddfbb82a7d842", "fcn": "initLedger", "args": [], "channelName": "mychannel", "chaincodeName": "beer-supplychain", "username": "client1", "orgName": "Org1"}, "data": {"State": "1", "count": "0", "ctime": "Wed, 17 Apr 2019 04:03:00 UTC", "owner": "Genesis", "utime": "Wed, 17 Apr 2019 04:03:00 UTC"}}