{"txId": "2030f09a785c12393043fa24e6f51b052a7909a76353870f265f86aa6f402d4e", "ctime": "Wed, 17 Apr 2019 05:30:37 UTC", "utime": "Wed, 17 Apr 2019 05:30:52 UTC", "key": "ORDER293", "txData": {"txId": "2030f09a785c12393043fa24e6f51b052a7909a76353870f265f86aa6f402d4e", "fcn": "startTransfer", "args": ["Manufacturer", "10"], "channelName": "mychannel", "chaincodeName": "beer-supplychain", "username": "client1", "orgName": "Org1"}, "data": {"State": "2", "count": "10", "ctime": "Wed, 17 Apr 2019 05:30:37 UTC", "owner": "Manufacturer", "utime": "Wed, 17 Apr 2019 05:30:52 UTC"}}