{"txId": "2065121f62d9cf113062412d9c2197f33134f4966509daaeb988c86f5deb68da", "ctime": "Wed, 17 Apr 2019 04:31:48 UTC", "utime": "Wed, 17 Apr 2019 04:31:48 UTC", "key": "ORDER267", "txData": {"txId": "2065121f62d9cf113062412d9c2197f33134f4966509daaeb988c86f5deb68da", "fcn": "initLedger", "args": [], "channelName": "mychannel", "chaincodeName": "beer-supplychain", "username": "client1", "orgName": "Org1"}, "data": {"State": "1", "count": "0", "ctime": "Wed, 17 Apr 2019 04:31:48 UTC", "owner": "Genesis", "utime": "Wed, 17 Apr 2019 04:31:48 UTC"}}