{"txId": "20d21c9e0cae50202aeac29a1e6837399c0357066ec420c1c32f997fb6577e6f", "ctime": "Wed, 17 Apr 2019 01:59:19 UTC", "utime": "Wed, 17 Apr 2019 01:59:19 UTC", "key": "ORDER224", "txData": {"txId": "20d21c9e0cae50202aeac29a1e6837399c0357066ec420c1c32f997fb6577e6f", "fcn": "initLedger", "args": [], "channelName": "mychannel", "chaincodeName": "beer-supplychain", "username": "client1", "orgName": "Org1"}, "data": {"State": "1", "count": "0", "ctime": "Wed, 17 Apr 2019 01:59:19 UTC", "owner": "Genesis", "utime": "Wed, 17 Apr 2019 01:59:19 UTC"}}