{"txId": "21edec738ed95cf59eba590aa6695e5ab9e6a9104371a7d374c38c85ae661335", "ctime": "Wed, 17 Apr 2019 04:53:40 UTC", "utime": "Wed, 17 Apr 2019 04:53:43 UTC", "key": "ORDER283", "txData": {"txId": "21edec738ed95cf59eba590aa6695e5ab9e6a9104371a7d374c38c85ae661335", "fcn": "startTransfer", "args": ["Manufacturer", "10"], "channelName": "mychannel", "chaincodeName": "beer-supplychain", "username": "client1", "orgName": "Org1"}, "data": {"State": "2", "count": "10", "ctime": "Wed, 17 Apr 2019 04:53:40 UTC", "owner": "Manufacturer", "utime": "Wed, 17 Apr 2019 04:53:43 UTC"}}