{"txId": "23b0b66d950da16d5e310ef1f9e6b017e49fcb11ea56f8a568e0f6934ca811b9", "ctime": "Wed, 17 Apr 2019 01:46:01 UTC", "utime": "Wed, 17 Apr 2019 01:47:35 UTC", "key": "ORDER221", "txData": {"txId": "23b0b66d950da16d5e310ef1f9e6b017e49fcb11ea56f8a568e0f6934ca811b9", "fcn": "acceptTransfer", "args": [], "channelName": "mychannel", "chaincodeName": "beer-supplychain", "username": "client1", "orgName": "Org1"}, "data": {"State": "3", "count": "10", "ctime": "Wed, 17 Apr 2019 01:46:01 UTC", "owner": "ShippingCompany", "utime": "Wed, 17 Apr 2019 01:47:35 UTC"}}