{"txId": "2699a046bcaa1330c9d5703a0c156ba70e00e2121aadcc56bcfcdaf882a5ab33", "ctime": "Wed, 17 Apr 2019 00:15:18 UTC", "utime": "Wed, 17 Apr 2019 00:15:33 UTC", "key": "ORDER208", "txData": {"txId": "2699a046bcaa1330c9d5703a0c156ba70e00e2121aadcc56bcfcdaf882a5ab33", "fcn": "acceptTransfer", "args": [], "channelName": "mychannel", "chaincodeName": "beer-supplychain", "username": "client1", "orgName": "Org1"}, "data": {"State": "3", "count": "10", "ctime": "Wed, 17 Apr 2019 00:15:18 UTC", "owner": "Manufacturer", "utime": "Wed, 17 Apr 2019 00:15:33 UTC"}}