{"txId": "26a053e3d04d54a673dd2e79258afa24435f5dcbe021fb75d9d254784085c4dd", "ctime": "Wed, 17 Apr 2019 01:50:09 UTC", "utime": "Wed, 17 Apr 2019 01:51:02 UTC", "key": "ORDER222", "txData": {"txId": "26a053e3d04d54a673dd2e79258afa24435f5dcbe021fb75d9d254784085c4dd", "fcn": "requestTransfer", "args": ["ShippingCompany", "10"], "channelName": "mychannel", "chaincodeName": "beer-supplychain", "username": "client1", "orgName": "Org1"}, "data": {"State": "2", "count": "10", "ctime": "Wed, 17 Apr 2019 01:50:09 UTC", "owner": "ShippingCompany", "utime": "Wed, 17 Apr 2019 01:51:02 UTC"}}