{"txId": "2a11c928e1e12a0a788803beceab1e504429c7334a9b19d1248b1df1c646f42a", "ctime": "Wed, 17 Apr 2019 04:39:14 UTC", "utime": "Wed, 17 Apr 2019 04:39:14 UTC", "key": "ORDER271", "txData": {"txId": "2a11c928e1e12a0a788803beceab1e504429c7334a9b19d1248b1df1c646f42a", "fcn": "initLedger", "args": [], "channelName": "mychannel", "chaincodeName": "beer-supplychain", "username": "client1", "orgName": "Org1"}, "data": {"State": "1", "count": "0", "ctime": "Wed, 17 Apr 2019 04:39:14 UTC", "owner": "Genesis", "utime": "Wed, 17 Apr 2019 04:39:14 UTC"}}