{"txId": "2b3d1c4002569623e84dc376365879e408d6981eee129661b92e3ce5c77e06d0", "ctime": "Wed, 17 Apr 2019 08:05:50 UTC", "utime": "Wed, 17 Apr 2019 08:05:54 UTC", "key": "ORDER329", "txData": {"txId": "2b3d1c4002569623e84dc376365879e408d6981eee129661b92e3ce5c77e06d0", "fcn": "startTransfer", "args": ["Manufacturer", "10"], "channelName": "mychannel", "chaincodeName": "beer-supplychain", "username": "client1", "orgName": "Org1"}, "data": {"State": "2", "count": "10", "ctime": "Wed, 17 Apr 2019 08:05:50 UTC", "owner": "Manufacturer", "utime": "Wed, 17 Apr 2019 08:05:54 UTC"}}