{"txId": "30ad151b361ae5dbe032e901278edefec9d43fe16fe07e10bcea34ddb380a580", "ctime": "Wed, 17 Apr 2019 01:46:01 UTC", "utime": "Wed, 17 Apr 2019 01:46:58 UTC", "key": "ORDER221", "txData": {"txId": "30ad151b361ae5dbe032e901278edefec9d43fe16fe07e10bcea34ddb380a580", "fcn": "acceptTransfer", "args": [], "channelName": "mychannel", "chaincodeName": "beer-supplychain", "username": "client1", "orgName": "Org1"}, "data": {"State": "3", "count": "10", "ctime": "Wed, 17 Apr 2019 01:46:01 UTC", "owner": "Manufacturer", "utime": "Wed, 17 Apr 2019 01:46:58 UTC"}}