{"txId": "31957afbb0c07c3528226639b3005026d27b9c4b1458b67f9ec30dc877d58656", "ctime": "Wed, 17 Apr 2019 00:21:02 UTC", "utime": "Wed, 17 Apr 2019 00:21:15 UTC", "key": "ORDER209", "txData": {"txId": "31957afbb0c07c3528226639b3005026d27b9c4b1458b67f9ec30dc877d58656", "fcn": "startTransfer", "args": ["Manufacturer", "10"], "channelName": "mychannel", "chaincodeName": "beer-supplychain", "username": "client1", "orgName": "Org1"}, "data": {"State": "2", "count": "10", "ctime": "Wed, 17 Apr 2019 00:21:02 UTC", "owner": "Manufacturer", "utime": "Wed, 17 Apr 2019 00:21:15 UTC"}}