{"txId": "322649c051d13ba51b7664465ca1f52a2cf2ca65f73c391aec2ecccb017165f0", "ctime": "Wed, 17 Apr 2019 08:45:39 UTC", "utime": "Wed, 17 Apr 2019 08:47:39 UTC", "key": "ORDER343", "txData": {"txId": "322649c051d13ba51b7664465ca1f52a2cf2ca65f73c391aec2ecccb017165f0", "fcn": "acceptTransfer", "args": [], "channelName": "mychannel", "chaincodeName": "beer-supplychain", "username": "client1", "orgName": "Org1"}, "data": {"State": "3", "count": "10", "ctime": "Wed, 17 Apr 2019 08:45:39 UTC", "owner": "Manufacturer", "utime": "Wed, 17 Apr 2019 08:47:39 UTC"}}