{"txId": "32a23f577ad5937c87c4cbc0a6a5c342ec86500ec2b20cd3ab98379125a1e49d", "ctime": "Wed, 17 Apr 2019 00:04:52 UTC", "utime": "Wed, 17 Apr 2019 00:05:40 UTC", "key": "ORDER204", "txData": {"txId": "32a23f577ad5937c87c4cbc0a6a5c342ec86500ec2b20cd3ab98379125a1e49d", "fcn": "createOrder", "args": ["ORDER204", "5", "3", "Retailer"], "channelName": "mychannel", "chaincodeName": "beer-supplychain", "username": "client1", "orgName": "Org1"}, "data": {"State": "5", "count": "3", "ctime": "Wed, 17 Apr 2019 00:04:52 UTC", "owner": "Retailer", "utime": "Wed, 17 Apr 2019 00:05:40 UTC"}}