{"txId": "33eeebe942b920d6f472afaa7ed344b957f576f7169dfcbf10d8b17b78731807", "ctime": "Wed, 17 Apr 2019 00:14:48 UTC", "utime": "Wed, 17 Apr 2019 00:14:51 UTC", "key": "ORDER207", "txData": {"txId": "33eeebe942b920d6f472afaa7ed344b957f576f7169dfcbf10d8b17b78731807", "fcn": "startTransfer", "args": ["Manufacturer", "10"], "channelName": "mychannel", "chaincodeName": "beer-supplychain", "username": "client1", "orgName": "Org1"}, "data": {"State": "2", "count": "10", "ctime": "Wed, 17 Apr 2019 00:14:48 UTC", "owner": "Manufacturer", "utime": "Wed, 17 Apr 2019 00:14:51 UTC"}}