{"txId": "33f4b7cc43fe3e5c43726cf5e0741acf1f4ad780e386ca464cf4a86102d70c38", "ctime": "Wed, 17 Apr 2019 06:38:55 UTC", "utime": "Wed, 17 Apr 2019 06:42:47 UTC", "key": "ORDER309", "txData": {"txId": "33f4b7cc43fe3e5c43726cf5e0741acf1f4ad780e386ca464cf4a86102d70c38", "fcn": "acceptTransfer", "args": [], "channelName": "mychannel", "chaincodeName": "beer-supplychain", "username": "client1", "orgName": "Org1"}, "data": {"State": "3", "count": "10", "ctime": "Wed, 17 Apr 2019 06:38:55 UTC", "owner": "ShippingCompany", "utime": "Wed, 17 Apr 2019 06:42:47 UTC"}}