{"txId": "354463b307e7f934620356f6468e3c3a0e5fdadb1c1b73bedee2a78d006104c0", "ctime": "Wed, 17 Apr 2019 04:39:07 UTC", "utime": "Wed, 17 Apr 2019 04:39:07 UTC", "key": "ORDER270", "txData": {"txId": "354463b307e7f934620356f6468e3c3a0e5fdadb1c1b73bedee2a78d006104c0", "fcn": "initLedger", "args": [], "channelName": "mychannel", "chaincodeName": "beer-supplychain", "username": "client1", "orgName": "Org1"}, "data": {"State": "1", "count": "0", "ctime": "Wed, 17 Apr 2019 04:39:07 UTC", "owner": "Genesis", "utime": "Wed, 17 Apr 2019 04:39:07 UTC"}}