{"txId": "3632d7a84c0a544d964c7fc8dff36ba857e7e695955c72417c40211c6190e00c", "ctime": "Wed, 17 Apr 2019 06:20:12 UTC", "utime": "Wed, 17 Apr 2019 06:21:36 UTC", "key": "ORDER305", "txData": {"txId": "3632d7a84c0a544d964c7fc8dff36ba857e7e695955c72417c40211c6190e00c", "fcn": "acceptTransfer", "args": [], "channelName": "mychannel", "chaincodeName": "beer-supplychain", "username": "client1", "orgName": "Org1"}, "data": {"State": "3", "count": "10", "ctime": "Wed, 17 Apr 2019 06:20:12 UTC", "owner": "ShippingCompany", "utime": "Wed, 17 Apr 2019 06:21:36 UTC"}}