{"txId": "3704b8e72e6d619f9c4380fd55e63f5c6e54d732bb5b80b59e2d6abd488628fa", "ctime": "Wed, 17 Apr 2019 00:13:13 UTC", "utime": "Wed, 17 Apr 2019 00:13:37 UTC", "key": "ORDER206", "txData": {"txId": "3704b8e72e6d619f9c4380fd55e63f5c6e54d732bb5b80b59e2d6abd488628fa", "fcn": "acceptTransfer", "args": [], "channelName": "mychannel", "chaincodeName": "beer-supplychain", "username": "client1", "orgName": "Org1"}, "data": {"State": "3", "count": "10", "ctime": "Wed, 17 Apr 2019 00:13:13 UTC", "owner": "ShippingCompany", "utime": "Wed, 17 Apr 2019 00:13:37 UTC"}}