{"txId": "385b6f7df7a93e697c6a61f8f91f140285c106f8e305cc0b4d15dd3e31e7da5d", "ctime": "Wed, 17 Apr 2019 03:14:20 UTC", "utime": "Wed, 17 Apr 2019 03:18:16 UTC", "key": "ORDER250", "txData": {"txId": "385b6f7df7a93e697c6a61f8f91f140285c106f8e305cc0b4d15dd3e31e7da5d", "fcn": "createOrder", "args": ["ORDER250", "4", "10", "ShippingCompany"], "channelName": "mychannel", "chaincodeName": "beer-supplychain", "username": "client1", "orgName": "Org1"}, "data": {"State": "4", "count": "10", "ctime": "Wed, 17 Apr 2019 03:14:20 UTC", "owner": "ShippingCompany", "utime": "Wed, 17 Apr 2019 03:18:16 UTC"}}