{"txId": "386eef3565265942f86247432d0a0d79eabd90a617377b8b1f825f9b2332e3df", "ctime": "Wed, 17 Apr 2019 05:35:00 UTC", "utime": "Wed, 17 Apr 2019 05:35:43 UTC", "key": "ORDER296", "txData": {"txId": "386eef3565265942f86247432d0a0d79eabd90a617377b8b1f825f9b2332e3df", "fcn": "startTransfer", "args": ["Manufacturer", "10"], "channelName": "mychannel", "chaincodeName": "beer-supplychain", "username": "client1", "orgName": "Org1"}, "data": {"State": "2", "count": "10", "ctime": "Wed, 17 Apr 2019 05:35:00 UTC", "owner": "Manufacturer", "utime": "Wed, 17 Apr 2019 05:35:43 UTC"}}