{"txId": "3b5aede62fbbe8644af758205b1c8d76ad854b4da5cd4a3d4dbf4836ba04f6ee", "ctime": "Wed, 17 Apr 2019 04:39:46 UTC", "utime": "Wed, 17 Apr 2019 04:41:43 UTC", "key": "ORDER275", "txData": {"txId": "3b5aede62fbbe8644af758205b1c8d76ad854b4da5cd4a3d4dbf4836ba04f6ee", "fcn": "requestTransfer", "args": ["Retailer", "3"], "channelName": "mychannel", "chaincodeName": "beer-supplychain", "username": "client1", "orgName": "Org1"}, "data": {"State": "2", "count": "3", "ctime": "Wed, 17 Apr 2019 04:39:46 UTC", "owner": "Retailer", "utime": "Wed, 17 Apr 2019 04:41:43 UTC"}}