{"txId": "3b5f8522a8efdf773062a888817f043d10f9e5460b1412571c8372c2470f1146", "ctime": "Wed, 17 Apr 2019 00:20:55 UTC", "utime": "Wed, 17 Apr 2019 00:20:55 UTC", "key": "ORDER208", "txData": {"txId": "3b5f8522a8efdf773062a888817f043d10f9e5460b1412571c8372c2470f1146", "fcn": "initLedger", "args": [], "channelName": "mychannel", "chaincodeName": "beer-supplychain", "username": "client1", "orgName": "Org1"}, "data": {"State": "1", "count": "0", "ctime": "Wed, 17 Apr 2019 00:20:55 UTC", "owner": "Genesis", "utime": "Wed, 17 Apr 2019 00:20:55 UTC"}}