{"txId": "3c7f0645ce7b41295d583f4d144173dac03ff758d240e43bab8443e6300d0764", "ctime": "Wed, 17 Apr 2019 04:48:29 UTC", "utime": "Wed, 17 Apr 2019 04:48:43 UTC", "key": "ORDER278", "txData": {"txId": "3c7f0645ce7b41295d583f4d144173dac03ff758d240e43bab8443e6300d0764", "fcn": "startTransfer", "args": ["Manufacturer", "10"], "channelName": "mychannel", "chaincodeName": "beer-supplychain", "username": "client1", "orgName": "Org1"}, "data": {"State": "2", "count": "10", "ctime": "Wed, 17 Apr 2019 04:48:29 UTC", "owner": "Manufacturer", "utime": "Wed, 17 Apr 2019 04:48:43 UTC"}}