{"txId": "3e7b3e17626cde62039169007d43c26676e2f353386b8f5c92ea385b312686ed", "ctime": "Wed, 17 Apr 2019 06:28:23 UTC", "utime": "Wed, 17 Apr 2019 06:30:26 UTC", "key": "ORDER308", "txData": {"txId": "3e7b3e17626cde62039169007d43c26676e2f353386b8f5c92ea385b312686ed", "fcn": "requestTransfer", "args": ["ShippingCompany", "10"], "channelName": "mychannel", "chaincodeName": "beer-supplychain", "username": "client1", "orgName": "Org1"}, "data": {"State": "2", "count": "10", "ctime": "Wed, 17 Apr 2019 06:28:23 UTC", "owner": "ShippingCompany", "utime": "Wed, 17 Apr 2019 06:30:26 UTC"}}