{"txId": "3ec85a8dced19f9654217db89c3c488c1f24020c46d068a4e21edb2e8c99567e", "ctime": "Wed, 17 Apr 2019 05:35:00 UTC", "utime": "Wed, 17 Apr 2019 05:36:44 UTC", "key": "ORDER296", "txData": {"txId": "3ec85a8dced19f9654217db89c3c488c1f24020c46d068a4e21edb2e8c99567e", "fcn": "requestTransfer", "args": ["Retailer", "10"], "channelName": "mychannel", "chaincodeName": "beer-supplychain", "username": "client1", "orgName": "Org1"}, "data": {"State": "2", "count": "10", "ctime": "Wed, 17 Apr 2019 05:35:00 UTC", "owner": "Retailer", "utime": "Wed, 17 Apr 2019 05:36:44 UTC"}}