{"txId": "407290e03619a7cacd90a31a9fc449dbbdf339c70713ec4c9b4e783670b1465c", "ctime": "Wed, 17 Apr 2019 07:49:39 UTC", "utime": "Wed, 17 Apr 2019 07:49:39 UTC", "key": "ORDER317", "txData": {"txId": "407290e03619a7cacd90a31a9fc449dbbdf339c70713ec4c9b4e783670b1465c", "fcn": "initLedger", "args": [], "channelName": "mychannel", "chaincodeName": "beer-supplychain", "username": "client1", "orgName": "Org1"}, "data": {"State": "1", "count": "0", "ctime": "Wed, 17 Apr 2019 07:49:39 UTC", "owner": "Genesis", "utime": "Wed, 17 Apr 2019 07:49:39 UTC"}}