{"txId": "4591cec0dff33604e9d0feecc94077a26a8e6f621f22df3a271f5b2a8a36231f", "ctime": "Wed, 17 Apr 2019 08:06:33 UTC", "utime": "Wed, 17 Apr 2019 08:06:33 UTC", "key": "ORDER331", "txData": {"txId": "4591cec0dff33604e9d0feecc94077a26a8e6f621f22df3a271f5b2a8a36231f", "fcn": "initLedger", "args": [], "channelName": "mychannel", "chaincodeName": "beer-supplychain", "username": "client1", "orgName": "Org1"}, "data": {"State": "1", "count": "0", "ctime": "Wed, 17 Apr 2019 08:06:33 UTC", "owner": "Genesis", "utime": "Wed, 17 Apr 2019 08:06:33 UTC"}}