{"txId": "46c87225b0b0d9573e16a05d97e3792c3f8aeb65d50bfd59aaa00d7d24ec18f8", "ctime": "Wed, 17 Apr 2019 06:05:28 UTC", "utime": "Wed, 17 Apr 2019 06:06:53 UTC", "key": "ORDER303", "txData": {"txId": "46c87225b0b0d9573e16a05d97e3792c3f8aeb65d50bfd59aaa00d7d24ec18f8", "fcn": "requestTransfer", "args": ["Retailer", "10"], "channelName": "mychannel", "chaincodeName": "beer-supplychain", "username": "client1", "orgName": "Org1"}, "data": {"State": "2", "count": "10", "ctime": "Wed, 17 Apr 2019 06:05:28 UTC", "owner": "Retailer", "utime": "Wed, 17 Apr 2019 06:06:53 UTC"}}