{"txId": "47c1bc7d094348b056200a6d6a069dc3a6712b63ebb7d8ed36aac1ac2c25ca07", "ctime": "Wed, 17 Apr 2019 08:05:50 UTC", "utime": "Wed, 17 Apr 2019 08:05:50 UTC", "key": "ORDER328", "txData": {"txId": "47c1bc7d094348b056200a6d6a069dc3a6712b63ebb7d8ed36aac1ac2c25ca07", "fcn": "initLedger", "args": [], "channelName": "mychannel", "chaincodeName": "beer-supplychain", "username": "client1", "orgName": "Org1"}, "data": {"State": "1", "count": "0", "ctime": "Wed, 17 Apr 2019 08:05:50 UTC", "owner": "Genesis", "utime": "Wed, 17 Apr 2019 08:05:50 UTC"}}