{"txId": "47cfb98ce5787d65eaf7d3ca93d6ffed9f3de5701a78e0ea905c2dd7aa3c1eaf", "ctime": "Wed, 17 Apr 2019 04:28:22 UTC", "utime": "Wed, 17 Apr 2019 04:30:18 UTC", "key": "ORDER264", "txData": {"txId": "47cfb98ce5787d65eaf7d3ca93d6ffed9f3de5701a78e0ea905c2dd7aa3c1eaf", "fcn": "requestTransfer", "args": ["Retailer", "3"], "channelName": "mychannel", "chaincodeName": "beer-supplychain", "username": "client1", "orgName": "Org1"}, "data": {"State": "2", "count": "3", "ctime": "Wed, 17 Apr 2019 04:28:22 UTC", "owner": "Retailer", "utime": "Wed, 17 Apr 2019 04:30:18 UTC"}}