{"txId": "496cb8bab0f6f81075837f6a4195983439a2069d86720664722756b73c96d7a8", "ctime": "Wed, 17 Apr 2019 08:42:47 UTC", "utime": "Wed, 17 Apr 2019 08:42:47 UTC", "key": "ORDER336", "txData": {"txId": "496cb8bab0f6f81075837f6a4195983439a2069d86720664722756b73c96d7a8", "fcn": "initLedger", "args": [], "channelName": "mychannel", "chaincodeName": "beer-supplychain", "username": "client1", "orgName": "Org1"}, "data": {"State": "1", "count": "0", "ctime": "Wed, 17 Apr 2019 08:42:47 UTC", "owner": "Genesis", "utime": "Wed, 17 Apr 2019 08:42:47 UTC"}}