{"txId": "4a365e9dd88c8e5d50faa8fbb37f08f932f7cf7aaef40a01313ebda20b933e69", "ctime": "Wed, 17 Apr 2019 02:39:37 UTC", "utime": "Wed, 17 Apr 2019 02:42:28 UTC", "key": "ORDER236", "txData": {"txId": "4a365e9dd88c8e5d50faa8fbb37f08f932f7cf7aaef40a01313ebda20b933e69", "fcn": "acceptTransfer", "args": [], "channelName": "mychannel", "chaincodeName": "beer-supplychain", "username": "client1", "orgName": "Org1"}, "data": {"State": "3", "count": "10", "ctime": "Wed, 17 Apr 2019 02:39:37 UTC", "owner": "Retailer", "utime": "Wed, 17 Apr 2019 02:42:28 UTC"}}