{"txId": "4b1cd948cbe28ddc2467c00fdd50334a3e72df6628546c951aa969ec99dc3678", "ctime": "Wed, 17 Apr 2019 00:13:13 UTC", "utime": "Wed, 17 Apr 2019 00:14:05 UTC", "key": "ORDER206", "txData": {"txId": "4b1cd948cbe28ddc2467c00fdd50334a3e72df6628546c951aa969ec99dc3678", "fcn": "acceptTransfer", "args": [], "channelName": "mychannel", "chaincodeName": "beer-supplychain", "username": "client1", "orgName": "Org1"}, "data": {"State": "3", "count": "10", "ctime": "Wed, 17 Apr 2019 00:13:13 UTC", "owner": "ShippingCompany", "utime": "Wed, 17 Apr 2019 00:14:05 UTC"}}