{"txId": "4be894b84d9cfd89bc8794d3e7120b6bd7421171044119514943645f5148e257", "ctime": "Wed, 17 Apr 2019 04:31:48 UTC", "utime": "Wed, 17 Apr 2019 04:31:49 UTC", "key": "ORDER268", "txData": {"txId": "4be894b84d9cfd89bc8794d3e7120b6bd7421171044119514943645f5148e257", "fcn": "startTransfer", "args": ["Manufacturer", "10"], "channelName": "mychannel", "chaincodeName": "beer-supplychain", "username": "client1", "orgName": "Org1"}, "data": {"State": "2", "count": "10", "ctime": "Wed, 17 Apr 2019 04:31:48 UTC", "owner": "Manufacturer", "utime": "Wed, 17 Apr 2019 04:31:49 UTC"}}