{"txId": "4c0e8e56791b8ffd19b6878a61bdc0ccdc19c7c2545a7133384a22d4e8a5aee3", "ctime": "Wed, 17 Apr 2019 00:03:31 UTC", "utime": "Wed, 17 Apr 2019 00:03:31 UTC", "key": "ORDER202", "txData": {"txId": "4c0e8e56791b8ffd19b6878a61bdc0ccdc19c7c2545a7133384a22d4e8a5aee3", "fcn": "initLedger", "args": [], "channelName": "mychannel", "chaincodeName": "beer-supplychain", "username": "client1", "orgName": "Org1"}, "data": {"State": "1", "count": "0", "ctime": "Wed, 17 Apr 2019 00:03:31 UTC", "owner": "Genesis", "utime": "Wed, 17 Apr 2019 00:03:31 UTC"}}