{"txId": "4caaeb1902b1661a4a3ed9e643ce572b8046be61f6d786ce5ca6753db29c24d8", "ctime": "Wed, 17 Apr 2019 03:24:20 UTC", "utime": "Wed, 17 Apr 2019 03:24:20 UTC", "key": "ORDER251", "txData": {"txId": "4caaeb1902b1661a4a3ed9e643ce572b8046be61f6d786ce5ca6753db29c24d8", "fcn": "initLedger", "args": [], "channelName": "mychannel", "chaincodeName": "beer-supplychain", "username": "client1", "orgName": "Org1"}, "data": {"State": "1", "count": "0", "ctime": "Wed, 17 Apr 2019 03:24:20 UTC", "owner": "Genesis", "utime": "Wed, 17 Apr 2019 03:24:20 UTC"}}