{"txId": "4dd03d510f9e2138fd125c3c49124b036597b8d73eee9f65da692532e53a3474", "ctime": "Wed, 17 Apr 2019 04:23:38 UTC", "utime": "Wed, 17 Apr 2019 04:25:16 UTC", "key": "ORDER263", "txData": {"txId": "4dd03d510f9e2138fd125c3c49124b036597b8d73eee9f65da692532e53a3474", "fcn": "acceptTransfer", "args": [], "channelName": "mychannel", "chaincodeName": "beer-supplychain", "username": "client1", "orgName": "Org1"}, "data": {"State": "3", "count": "10", "ctime": "Wed, 17 Apr 2019 04:23:38 UTC", "owner": "Manufacturer", "utime": "Wed, 17 Apr 2019 04:25:16 UTC"}}