{"txId": "4e09989f902119d61fe2ee0a990662fa0b9ff2294314d5f7c3d6fce79dd7e834", "ctime": "Wed, 17 Apr 2019 06:05:28 UTC", "utime": "Wed, 17 Apr 2019 06:06:31 UTC", "key": "ORDER303", "txData": {"txId": "4e09989f902119d61fe2ee0a990662fa0b9ff2294314d5f7c3d6fce79dd7e834", "fcn": "acceptTransfer", "args": [], "channelName": "mychannel", "chaincodeName": "beer-supplychain", "username": "client1", "orgName": "Org1"}, "data": {"State": "3", "count": "10", "ctime": "Wed, 17 Apr 2019 06:05:28 UTC", "owner": "Manufacturer", "utime": "Wed, 17 Apr 2019 06:06:31 UTC"}}