{"txId": "4efb22d7dcea34ce718a8a47fd660651c1c3bc3940bf00ed6b0ed03aa2a75ab2", "ctime": "Wed, 17 Apr 2019 00:09:00 UTC", "utime": "Wed, 17 Apr 2019 00:09:00 UTC", "key": "ORDER204", "txData": {"txId": "4efb22d7dcea34ce718a8a47fd660651c1c3bc3940bf00ed6b0ed03aa2a75ab2", "fcn": "initLedger", "args": [], "channelName": "mychannel", "chaincodeName": "beer-supplychain", "username": "client1", "orgName": "Org1"}, "data": {"State": "1", "count": "0", "ctime": "Wed, 17 Apr 2019 00:09:00 UTC", "owner": "Genesis", "utime": "Wed, 17 Apr 2019 00:09:00 UTC"}}