{"txId": "51a798f9a4030e53e31eb23404f0461348da4f30a1c3ffb63c256ce9d24c0443", "ctime": "Wed, 17 Apr 2019 03:05:44 UTC", "utime": "Wed, 17 Apr 2019 03:05:46 UTC", "key": "ORDER245", "txData": {"txId": "51a798f9a4030e53e31eb23404f0461348da4f30a1c3ffb63c256ce9d24c0443", "fcn": "startTransfer", "args": ["Manufacturer", "10"], "channelName": "mychannel", "chaincodeName": "beer-supplychain", "username": "client1", "orgName": "Org1"}, "data": {"State": "2", "count": "10", "ctime": "Wed, 17 Apr 2019 03:05:44 UTC", "owner": "Manufacturer", "utime": "Wed, 17 Apr 2019 03:05:46 UTC"}}