{"txId": "54da0404bc4ff98ded3faae4e4e3e1b984e3b7590e8f3564a6e8fe991ddc9a7d", "ctime": "Wed, 17 Apr 2019 08:43:51 UTC", "utime": "Wed, 17 Apr 2019 08:43:51 UTC", "key": "ORDER339", "txData": {"txId": "54da0404bc4ff98ded3faae4e4e3e1b984e3b7590e8f3564a6e8fe991ddc9a7d", "fcn": "initLedger", "args": [], "channelName": "mychannel", "chaincodeName": "beer-supplychain", "username": "client1", "orgName": "Org1"}, "data": {"State": "1", "count": "0", "ctime": "Wed, 17 Apr 2019 08:43:51 UTC", "owner": "Genesis", "utime": "Wed, 17 Apr 2019 08:43:51 UTC"}}