{"txId": "55a63ba9fa14d4d04eea108e8d1307e474dcafa6fbaf0aaedabce696a310934a", "ctime": "Wed, 17 Apr 2019 04:06:40 UTC", "utime": "Wed, 17 Apr 2019 04:06:40 UTC", "key": "ORDER257", "txData": {"txId": "55a63ba9fa14d4d04eea108e8d1307e474dcafa6fbaf0aaedabce696a310934a", "fcn": "initLedger", "args": [], "channelName": "mychannel", "chaincodeName": "beer-supplychain", "username": "client1", "orgName": "Org1"}, "data": {"State": "1", "count": "0", "ctime": "Wed, 17 Apr 2019 04:06:40 UTC", "owner": "Genesis", "utime": "Wed, 17 Apr 2019 04:06:40 UTC"}}