{"txId": "57012668081edbaedc4196e9aff839a28008db6840f1e46d3c18bd485525688e", "ctime": "Wed, 17 Apr 2019 08:06:01 UTC", "utime": "Wed, 17 Apr 2019 08:06:01 UTC", "key": "ORDER329", "txData": {"txId": "57012668081edbaedc4196e9aff839a28008db6840f1e46d3c18bd485525688e", "fcn": "initLedger", "args": [], "channelName": "mychannel", "chaincodeName": "beer-supplychain", "username": "client1", "orgName": "Org1"}, "data": {"State": "1", "count": "0", "ctime": "Wed, 17 Apr 2019 08:06:01 UTC", "owner": "Genesis", "utime": "Wed, 17 Apr 2019 08:06:01 UTC"}}