{"txId": "57e85b7b6c4b3dd7f5b4abcf9a49c1789fcba84667308c264fc3dc3acbb0aa29", "ctime": "Wed, 17 Apr 2019 05:31:34 UTC", "utime": "Wed, 17 Apr 2019 05:34:07 UTC", "key": "ORDER295", "txData": {"txId": "57e85b7b6c4b3dd7f5b4abcf9a49c1789fcba84667308c264fc3dc3acbb0aa29", "fcn": "createOrder", "args": ["ORDER295", "5", "3", "Retailer"], "channelName": "mychannel", "chaincodeName": "beer-supplychain", "username": "client1", "orgName": "Org1"}, "data": {"State": "5", "count": "3", "ctime": "Wed, 17 Apr 2019 05:31:34 UTC", "owner": "Retailer", "utime": "Wed, 17 Apr 2019 05:34:07 UTC"}}