{"txId": "59a1e59ca69476c95c7c7b3cbcd146e9b386e729e3bea48d88f7ccad71a6d8a5", "ctime": "Wed, 17 Apr 2019 03:29:59 UTC", "utime": "Wed, 17 Apr 2019 03:30:43 UTC", "key": "ORDER256", "txData": {"txId": "59a1e59ca69476c95c7c7b3cbcd146e9b386e729e3bea48d88f7ccad71a6d8a5", "fcn": "requestTransfer", "args": ["Retailer", "3"], "channelName": "mychannel", "chaincodeName": "beer-supplychain", "username": "client1", "orgName": "Org1"}, "data": {"State": "2", "count": "3", "ctime": "Wed, 17 Apr 2019 03:29:59 UTC", "owner": "Retailer", "utime": "Wed, 17 Apr 2019 03:30:43 UTC"}}