{"txId": "5b9d7fba3b612f41ddabf4991c71a0cfdd18c9fe3cfbed9214238dbfa97211b1", "ctime": "Wed, 17 Apr 2019 00:04:52 UTC", "utime": "Wed, 17 Apr 2019 00:04:52 UTC", "key": "ORDER203", "txData": {"txId": "5b9d7fba3b612f41ddabf4991c71a0cfdd18c9fe3cfbed9214238dbfa97211b1", "fcn": "initLedger", "args": [], "channelName": "mychannel", "chaincodeName": "beer-supplychain", "username": "client1", "orgName": "Org1"}, "data": {"State": "1", "count": "0", "ctime": "Wed, 17 Apr 2019 00:04:52 UTC", "owner": "Genesis", "utime": "Wed, 17 Apr 2019 00:04:52 UTC"}}