{"txId": "5d217021e6f2160d42d9ae86730a731de0ec90ac8e92978e20811643443c523e", "ctime": "Wed, 17 Apr 2019 03:27:46 UTC", "utime": "Wed, 17 Apr 2019 03:28:05 UTC", "key": "ORDER255", "txData": {"txId": "5d217021e6f2160d42d9ae86730a731de0ec90ac8e92978e20811643443c523e", "fcn": "requestTransfer", "args": ["ShippingCompany", "10"], "channelName": "mychannel", "chaincodeName": "beer-supplychain", "username": "client1", "orgName": "Org1"}, "data": {"State": "2", "count": "10", "ctime": "Wed, 17 Apr 2019 03:27:46 UTC", "owner": "ShippingCompany", "utime": "Wed, 17 Apr 2019 03:28:05 UTC"}}