{"txId": "5fab2379ec4b4a7ca43f9addba2f7890e9855c10232ede2fb63d9bf6efa7769c", "ctime": "Wed, 17 Apr 2019 08:49:08 UTC", "utime": "Wed, 17 Apr 2019 08:49:13 UTC", "key": "ORDER344", "txData": {"txId": "5fab2379ec4b4a7ca43f9addba2f7890e9855c10232ede2fb63d9bf6efa7769c", "fcn": "startTransfer", "args": ["Manufacturer", "10"], "channelName": "mychannel", "chaincodeName": "beer-supplychain", "username": "client1", "orgName": "Org1"}, "data": {"State": "2", "count": "10", "ctime": "Wed, 17 Apr 2019 08:49:08 UTC", "owner": "Manufacturer", "utime": "Wed, 17 Apr 2019 08:49:13 UTC"}}