{"txId": "611477a3cb6e8274faf139cdcba3ad5c2c3e402f744c242cdbd941be810e7e13", "ctime": "Wed, 17 Apr 2019 08:40:01 UTC", "utime": "Wed, 17 Apr 2019 08:40:01 UTC", "key": "ORDER335", "txData": {"txId": "611477a3cb6e8274faf139cdcba3ad5c2c3e402f744c242cdbd941be810e7e13", "fcn": "initLedger", "args": [], "channelName": "mychannel", "chaincodeName": "beer-supplychain", "username": "client1", "orgName": "Org1"}, "data": {"State": "1", "count": "0", "ctime": "Wed, 17 Apr 2019 08:40:01 UTC", "owner": "Genesis", "utime": "Wed, 17 Apr 2019 08:40:01 UTC"}}