{"txId": "6630663167c633884e9b8a24e094a09371b190379ca94a073eff348325450764", "ctime": "Wed, 17 Apr 2019 06:38:55 UTC", "utime": "Wed, 17 Apr 2019 06:43:15 UTC", "key": "ORDER309", "txData": {"txId": "6630663167c633884e9b8a24e094a09371b190379ca94a073eff348325450764", "fcn": "createOrder", "args": ["ORDER309", "5", "3", "Retailer"], "channelName": "mychannel", "chaincodeName": "beer-supplychain", "username": "client1", "orgName": "Org1"}, "data": {"State": "5", "count": "3", "ctime": "Wed, 17 Apr 2019 06:38:55 UTC", "owner": "Retailer", "utime": "Wed, 17 Apr 2019 06:43:15 UTC"}}