{"txId": "678208a31e64aa790b43b06ff63f2e92a01108c6fc9c1971dcff7fb5eac7dbd2", "ctime": "Wed, 17 Apr 2019 08:06:33 UTC", "utime": "Wed, 17 Apr 2019 08:06:33 UTC", "key": "ORDER331", "txData": {"txId": "678208a31e64aa790b43b06ff63f2e92a01108c6fc9c1971dcff7fb5eac7dbd2", "fcn": "initLedger", "args": [], "channelName": "mychannel", "chaincodeName": "beer-supplychain", "username": "client1", "orgName": "Org1"}, "data": {"State": "1", "count": "0", "ctime": "Wed, 17 Apr 2019 08:06:33 UTC", "owner": "Genesis", "utime": "Wed, 17 Apr 2019 08:06:33 UTC"}}