{"txId": "6973368a028530091a2bc2b747048db7c4c91a7097c87c5383002eac267f2ab1", "ctime": "Wed, 17 Apr 2019 03:26:48 UTC", "utime": "Wed, 17 Apr 2019 03:26:48 UTC", "key": "ORDER252", "txData": {"txId": "6973368a028530091a2bc2b747048db7c4c91a7097c87c5383002eac267f2ab1", "fcn": "initLedger", "args": [], "channelName": "mychannel", "chaincodeName": "beer-supplychain", "username": "client1", "orgName": "Org1"}, "data": {"State": "1", "count": "0", "ctime": "Wed, 17 Apr 2019 03:26:48 UTC", "owner": "Genesis", "utime": "Wed, 17 Apr 2019 03:26:48 UTC"}}