{"txId": "69a8ac59eddc4f1cd9cb00bc4eed79dd8f81a24a8e166ad6552d29f6c666c8b5", "ctime": "Wed, 17 Apr 2019 03:27:02 UTC", "utime": "Wed, 17 Apr 2019 03:27:29 UTC", "key": "ORDER254", "txData": {"txId": "69a8ac59eddc4f1cd9cb00bc4eed79dd8f81a24a8e166ad6552d29f6c666c8b5", "fcn": "acceptTransfer", "args": [], "channelName": "mychannel", "chaincodeName": "beer-supplychain", "username": "client1", "orgName": "Org1"}, "data": {"State": "3", "count": "10", "ctime": "Wed, 17 Apr 2019 03:27:02 UTC", "owner": "ShippingCompany", "utime": "Wed, 17 Apr 2019 03:27:29 UTC"}}