{"txId": "6aead0730d29e436bf1089c768c833ea8354a8dd5dcaadad6bdc6e79b640f48e", "ctime": "Wed, 17 Apr 2019 00:16:51 UTC", "utime": "Wed, 17 Apr 2019 00:16:51 UTC", "key": "ORDER208", "txData": {"txId": "6aead0730d29e436bf1089c768c833ea8354a8dd5dcaadad6bdc6e79b640f48e", "fcn": "initLedger", "args": [], "channelName": "mychannel", "chaincodeName": "beer-supplychain", "username": "client1", "orgName": "Org1"}, "data": {"State": "1", "count": "0", "ctime": "Wed, 17 Apr 2019 00:16:51 UTC", "owner": "Genesis", "utime": "Wed, 17 Apr 2019 00:16:51 UTC"}}