{"txId": "6dafd300c9340d2b3836d2781b85f1f33c12b7419f64ccba03755b926d5b4020", "ctime": "Wed, 17 Apr 2019 06:20:12 UTC", "utime": "Wed, 17 Apr 2019 06:22:02 UTC", "key": "ORDER305", "txData": {"txId": "6dafd300c9340d2b3836d2781b85f1f33c12b7419f64ccba03755b926d5b4020", "fcn": "acceptTransfer", "args": [], "channelName": "mychannel", "chaincodeName": "beer-supplychain", "username": "client1", "orgName": "Org1"}, "data": {"State": "3", "count": "10", "ctime": "Wed, 17 Apr 2019 06:20:12 UTC", "owner": "Retailer", "utime": "Wed, 17 Apr 2019 06:22:02 UTC"}}