{"txId": "6de3dfb68fcc0aea9b68eddca84d09814243f62d5ab504b4f8835ed9319e0c86", "ctime": "Wed, 17 Apr 2019 02:25:08 UTC", "utime": "Wed, 17 Apr 2019 02:28:36 UTC", "key": "ORDER234", "txData": {"txId": "6de3dfb68fcc0aea9b68eddca84d09814243f62d5ab504b4f8835ed9319e0c86", "fcn": "acceptTransfer", "args": [], "channelName": "mychannel", "chaincodeName": "beer-supplychain", "username": "client1", "orgName": "Org1"}, "data": {"State": "3", "count": "3", "ctime": "Wed, 17 Apr 2019 02:25:08 UTC", "owner": "Retailer", "utime": "Wed, 17 Apr 2019 02:28:36 UTC"}}