{"txId": "6df3a38ccba0aaa5765a6d87fa0d670642754da85f4e1cc856af17c3fa84d954", "ctime": "Wed, 17 Apr 2019 05:17:38 UTC", "utime": "Wed, 17 Apr 2019 05:18:59 UTC", "key": "ORDER290", "txData": {"txId": "6df3a38ccba0aaa5765a6d87fa0d670642754da85f4e1cc856af17c3fa84d954", "fcn": "acceptTransfer", "args": [], "channelName": "mychannel", "chaincodeName": "beer-supplychain", "username": "client1", "orgName": "Org1"}, "data": {"State": "3", "count": "10", "ctime": "Wed, 17 Apr 2019 05:17:38 UTC", "owner": "Manufacturer", "utime": "Wed, 17 Apr 2019 05:18:59 UTC"}}