{"txId": "736e377b1e709e4997417a32d1bf1af7b0a52d30e96971494456f87e516445b8", "ctime": "Wed, 17 Apr 2019 06:28:11 UTC", "utime": "Wed, 17 Apr 2019 06:28:11 UTC", "key": "ORDER306", "txData": {"txId": "736e377b1e709e4997417a32d1bf1af7b0a52d30e96971494456f87e516445b8", "fcn": "initLedger", "args": [], "channelName": "mychannel", "chaincodeName": "beer-supplychain", "username": "client1", "orgName": "Org1"}, "data": {"State": "1", "count": "0", "ctime": "Wed, 17 Apr 2019 06:28:11 UTC", "owner": "Genesis", "utime": "Wed, 17 Apr 2019 06:28:11 UTC"}}