{"txId": "73d15613a7de6366f4b7d9b2a625470efb7a3f13faa067c95d59c6f63b7e06a6", "ctime": "Wed, 17 Apr 2019 02:04:01 UTC", "utime": "Wed, 17 Apr 2019 02:07:52 UTC", "key": "ORDER226", "txData": {"txId": "73d15613a7de6366f4b7d9b2a625470efb7a3f13faa067c95d59c6f63b7e06a6", "fcn": "acceptTransfer", "args": [], "channelName": "mychannel", "chaincodeName": "beer-supplychain", "username": "client1", "orgName": "Org1"}, "data": {"State": "3", "count": "10", "ctime": "Wed, 17 Apr 2019 02:04:01 UTC", "owner": "Manufacturer", "utime": "Wed, 17 Apr 2019 02:07:52 UTC"}}