{"txId": "73f4213c9cf4638ad0f9dc84da8aa96fe52f60c49efda590097b13eaf8b9f641", "ctime": "Wed, 17 Apr 2019 16:50:27 UTC", "utime": "Wed, 17 Apr 2019 16:50:27 UTC", "key": "ORDER354", "txData": {"txId": "73f4213c9cf4638ad0f9dc84da8aa96fe52f60c49efda590097b13eaf8b9f641", "fcn": "initLedger", "args": [], "channelName": "mychannel", "chaincodeName": "beer-supplychain", "username": "client1", "orgName": "org1"}, "data": {"State": "1", "count": "0", "ctime": "Wed, 17 Apr 2019 16:50:27 UTC", "owner": "Genesis", "utime": "Wed, 17 Apr 2019 16:50:27 UTC"}}