{"txId": "74834d193d85229fd03242ac3da389f527e70de87163c035e05cda9cab44cfbb", "ctime": "Wed, 17 Apr 2019 16:39:29 UTC", "utime": "Wed, 17 Apr 2019 16:40:35 UTC", "key": "ORDER354", "txData": {"txId": "74834d193d85229fd03242ac3da389f527e70de87163c035e05cda9cab44cfbb", "fcn": "requestTransfer", "args": ["Retailer", "30"], "channelName": "mychannel", "chaincodeName": "beer-supplychain", "username": "client1", "orgName": "org1"}, "data": {"State": "2", "count": "30", "ctime": "Wed, 17 Apr 2019 16:39:29 UTC", "owner": "Retailer", "utime": "Wed, 17 Apr 2019 16:40:35 UTC"}}