{"txId": "76d4646839c496235da13aacce5fbf02b1cb31b030e656152416d0fa0904285a", "ctime": "Wed, 17 Apr 2019 04:50:07 UTC", "utime": "Wed, 17 Apr 2019 04:51:07 UTC", "key": "ORDER281", "txData": {"txId": "76d4646839c496235da13aacce5fbf02b1cb31b030e656152416d0fa0904285a", "fcn": "acceptTransfer", "args": [], "channelName": "mychannel", "chaincodeName": "beer-supplychain", "username": "client1", "orgName": "Org1"}, "data": {"State": "3", "count": "10", "ctime": "Wed, 17 Apr 2019 04:50:07 UTC", "owner": "Manufacturer", "utime": "Wed, 17 Apr 2019 04:51:07 UTC"}}