{"txId": "7978dfa277cd56d8054e0ea0c61982ef15d90240ef44ac65ff7852af6f2130be", "ctime": "Wed, 17 Apr 2019 00:03:45 UTC", "utime": "Wed, 17 Apr 2019 00:03:45 UTC", "key": "ORDER203", "txData": {"txId": "7978dfa277cd56d8054e0ea0c61982ef15d90240ef44ac65ff7852af6f2130be", "fcn": "initLedger", "args": [], "channelName": "mychannel", "chaincodeName": "beer-supplychain", "username": "client1", "orgName": "Org1"}, "data": {"State": "1", "count": "0", "ctime": "Wed, 17 Apr 2019 00:03:45 UTC", "owner": "Genesis", "utime": "Wed, 17 Apr 2019 00:03:45 UTC"}}