{"txId": "79e7141a4fb2be75171ebc5b0e40d0d6d86109c15fbb7dd8fb75ed2126a8fac4", "ctime": "Wed, 17 Apr 2019 06:38:55 UTC", "utime": "Wed, 17 Apr 2019 06:42:12 UTC", "key": "ORDER309", "txData": {"txId": "79e7141a4fb2be75171ebc5b0e40d0d6d86109c15fbb7dd8fb75ed2126a8fac4", "fcn": "requestTransfer", "args": ["ShippingCompany", "10"], "channelName": "mychannel", "chaincodeName": "beer-supplychain", "username": "client1", "orgName": "Org1"}, "data": {"State": "2", "count": "10", "ctime": "Wed, 17 Apr 2019 06:38:55 UTC", "owner": "ShippingCompany", "utime": "Wed, 17 Apr 2019 06:42:12 UTC"}}