{"txId": "79ec3044becbd7075c0a72953915c5266595264b4654bf698a0e7bb386ab668b", "ctime": "Wed, 17 Apr 2019 16:01:55 UTC", "utime": "Wed, 17 Apr 2019 16:01:59 UTC", "key": "ORDER350", "txData": {"txId": "79ec3044becbd7075c0a72953915c5266595264b4654bf698a0e7bb386ab668b", "fcn": "acceptTransfer", "args": [], "channelName": "mychannel", "chaincodeName": "beer-supplychain", "username": "client1", "orgName": "org1"}, "data": {"State": "3", "count": "30", "ctime": "Wed, 17 Apr 2019 16:01:55 UTC", "owner": "Manufacturer", "utime": "Wed, 17 Apr 2019 16:01:59 UTC"}}