{"txId": "7a80f93728f979dc274a709b1cf4ab607de0637963f9135197fb4b74105ccb87", "ctime": "Wed, 17 Apr 2019 05:59:49 UTC", "utime": "Wed, 17 Apr 2019 06:04:42 UTC", "key": "ORDER302", "txData": {"txId": "7a80f93728f979dc274a709b1cf4ab607de0637963f9135197fb4b74105ccb87", "fcn": "acceptTransfer", "args": [], "channelName": "mychannel", "chaincodeName": "beer-supplychain", "username": "client1", "orgName": "Org1"}, "data": {"State": "3", "count": "3", "ctime": "Wed, 17 Apr 2019 05:59:49 UTC", "owner": "Retailer", "utime": "Wed, 17 Apr 2019 06:04:42 UTC"}}