{"txId": "7c13cea4e17b7f2a54ed5030af5f3b07b6f6ae810bc8a205fef2909c2fea78e7", "ctime": "Wed, 17 Apr 2019 01:57:37 UTC", "utime": "Wed, 17 Apr 2019 01:57:37 UTC", "key": "ORDER223", "txData": {"txId": "7c13cea4e17b7f2a54ed5030af5f3b07b6f6ae810bc8a205fef2909c2fea78e7", "fcn": "initLedger", "args": [], "channelName": "mychannel", "chaincodeName": "beer-supplychain", "username": "client1", "orgName": "Org1"}, "data": {"State": "1", "count": "0", "ctime": "Wed, 17 Apr 2019 01:57:37 UTC", "owner": "Genesis", "utime": "Wed, 17 Apr 2019 01:57:37 UTC"}}