{"txId": "7e540228be0ba2ef9b3fc32118b17ed0cab285a3e884b0a75290baf7dc052e71", "ctime": "Wed, 17 Apr 2019 07:49:56 UTC", "utime": "Wed, 17 Apr 2019 07:51:57 UTC", "key": "ORDER318", "txData": {"txId": "7e540228be0ba2ef9b3fc32118b17ed0cab285a3e884b0a75290baf7dc052e71", "fcn": "startTransfer", "args": ["Manufacturer", "10"], "channelName": "mychannel", "chaincodeName": "beer-supplychain", "username": "client1", "orgName": "Org1"}, "data": {"State": "2", "count": "10", "ctime": "Wed, 17 Apr 2019 07:49:56 UTC", "owner": "Manufacturer", "utime": "Wed, 17 Apr 2019 07:51:57 UTC"}}