{"txId": "7e99c77a62307709082fd1e369ef5a021aaa10428c165d55849cd8aa347fd64e", "ctime": "Wed, 17 Apr 2019 02:12:44 UTC", "utime": "Wed, 17 Apr 2019 02:14:47 UTC", "key": "ORDER227", "txData": {"txId": "7e99c77a62307709082fd1e369ef5a021aaa10428c165d55849cd8aa347fd64e", "fcn": "acceptTransfer", "args": [], "channelName": "mychannel", "chaincodeName": "beer-supplychain", "username": "client1", "orgName": "Org1"}, "data": {"State": "3", "count": "10", "ctime": "Wed, 17 Apr 2019 02:12:44 UTC", "owner": "ShippingCompany", "utime": "Wed, 17 Apr 2019 02:14:47 UTC"}}