{"txId": "7efaaa036261a32b72f70858c8692836f347ab72e1d0bbcbeb82a72ce753c492", "ctime": "Wed, 17 Apr 2019 05:30:37 UTC", "utime": "Wed, 17 Apr 2019 05:30:37 UTC", "key": "ORDER292", "txData": {"txId": "7efaaa036261a32b72f70858c8692836f347ab72e1d0bbcbeb82a72ce753c492", "fcn": "initLedger", "args": [], "channelName": "mychannel", "chaincodeName": "beer-supplychain", "username": "client1", "orgName": "Org1"}, "data": {"State": "1", "count": "0", "ctime": "Wed, 17 Apr 2019 05:30:37 UTC", "owner": "Genesis", "utime": "Wed, 17 Apr 2019 05:30:37 UTC"}}