{"txId": "80ed72dc696229f15064a668f95cc5e5767789a8579cc7af72b041416f748379", "ctime": "Wed, 17 Apr 2019 02:16:37 UTC", "utime": "Wed, 17 Apr 2019 02:16:49 UTC", "key": "ORDER229", "txData": {"txId": "80ed72dc696229f15064a668f95cc5e5767789a8579cc7af72b041416f748379", "fcn": "startTransfer", "args": ["Manufacturer", "10"], "channelName": "mychannel", "chaincodeName": "beer-supplychain", "username": "client1", "orgName": "Org1"}, "data": {"State": "2", "count": "10", "ctime": "Wed, 17 Apr 2019 02:16:37 UTC", "owner": "Manufacturer", "utime": "Wed, 17 Apr 2019 02:16:49 UTC"}}