{"txId": "817c1ba78245972ad197ce69bc79fabd47364ae719f3ba4cb2d1f5c7910003b1", "ctime": "Wed, 17 Apr 2019 03:27:02 UTC", "utime": "Wed, 17 Apr 2019 03:27:02 UTC", "key": "ORDER253", "txData": {"txId": "817c1ba78245972ad197ce69bc79fabd47364ae719f3ba4cb2d1f5c7910003b1", "fcn": "initLedger", "args": [], "channelName": "mychannel", "chaincodeName": "beer-supplychain", "username": "client1", "orgName": "Org1"}, "data": {"State": "1", "count": "0", "ctime": "Wed, 17 Apr 2019 03:27:02 UTC", "owner": "Genesis", "utime": "Wed, 17 Apr 2019 03:27:02 UTC"}}