{"txId": "81e325cbc616d96caa4102d6e662db43984413d4fcb79528df18b07d76c700f9", "ctime": "Wed, 17 Apr 2019 04:23:38 UTC", "utime": "Wed, 17 Apr 2019 04:23:38 UTC", "key": "ORDER262", "txData": {"txId": "81e325cbc616d96caa4102d6e662db43984413d4fcb79528df18b07d76c700f9", "fcn": "initLedger", "args": [], "channelName": "mychannel", "chaincodeName": "beer-supplychain", "username": "client1", "orgName": "Org1"}, "data": {"State": "1", "count": "0", "ctime": "Wed, 17 Apr 2019 04:23:38 UTC", "owner": "Genesis", "utime": "Wed, 17 Apr 2019 04:23:38 UTC"}}