{"txId": "82aab26359ea4427602ea161f2b5838f5812caea502bb7bbe8641a497b8a9e84", "ctime": "Wed, 17 Apr 2019 04:56:59 UTC", "utime": "Wed, 17 Apr 2019 05:05:52 UTC", "key": "ORDER284", "txData": {"txId": "82aab26359ea4427602ea161f2b5838f5812caea502bb7bbe8641a497b8a9e84", "fcn": "acceptTransfer", "args": [], "channelName": "mychannel", "chaincodeName": "beer-supplychain", "username": "client1", "orgName": "Org1"}, "data": {"State": "3", "count": "3", "ctime": "Wed, 17 Apr 2019 04:56:59 UTC", "owner": "Retailer", "utime": "Wed, 17 Apr 2019 05:05:52 UTC"}}