{"txId": "8324786827ddb68431e4dd00258a2b7006e26e3529e2d099660d16fbc588945f", "ctime": "Wed, 17 Apr 2019 16:39:29 UTC", "utime": "Wed, 17 Apr 2019 16:40:01 UTC", "key": "ORDER354", "txData": {"txId": "8324786827ddb68431e4dd00258a2b7006e26e3529e2d099660d16fbc588945f", "fcn": "acceptTransfer", "args": [], "channelName": "mychannel", "chaincodeName": "beer-supplychain", "username": "client1", "orgName": "org1"}, "data": {"State": "3", "count": "30", "ctime": "Wed, 17 Apr 2019 16:39:29 UTC", "owner": "Manufacturer", "utime": "Wed, 17 Apr 2019 16:40:01 UTC"}}