{"txId": "832a735ead4c524cf7d49d1c2909cfcefcd8202a237e5a654c2aa3dfb8b6b11c", "ctime": "Wed, 17 Apr 2019 08:04:37 UTC", "utime": "Wed, 17 Apr 2019 08:04:40 UTC", "key": "ORDER324", "txData": {"txId": "832a735ead4c524cf7d49d1c2909cfcefcd8202a237e5a654c2aa3dfb8b6b11c", "fcn": "startTransfer", "args": ["Manufacturer", "10"], "channelName": "mychannel", "chaincodeName": "beer-supplychain", "username": "client1", "orgName": "Org1"}, "data": {"State": "2", "count": "10", "ctime": "Wed, 17 Apr 2019 08:04:37 UTC", "owner": "Manufacturer", "utime": "Wed, 17 Apr 2019 08:04:40 UTC"}}