{"txId": "83f8900cc657703f4368b049c49fa514f2cd32a6b3f1c3eacbd477d69920e8cb", "ctime": "Wed, 17 Apr 2019 09:11:49 UTC", "utime": "Wed, 17 Apr 2019 09:13:00 UTC", "key": "ORDER349", "txData": {"txId": "83f8900cc657703f4368b049c49fa514f2cd32a6b3f1c3eacbd477d69920e8cb", "fcn": "requestTransfer", "args": ["Retailer", "3"], "channelName": "mychannel", "chaincodeName": "beer-supplychain", "username": "client1", "orgName": "Org1"}, "data": {"State": "2", "count": "3", "ctime": "Wed, 17 Apr 2019 09:11:49 UTC", "owner": "Retailer", "utime": "Wed, 17 Apr 2019 09:13:00 UTC"}}