{"txId": "84d629c49afe8781b39c35d9cd77dd4cb85ef2fdf126232382590664acd43c2a", "ctime": "Wed, 17 Apr 2019 04:23:38 UTC", "utime": "Wed, 17 Apr 2019 04:26:12 UTC", "key": "ORDER263", "txData": {"txId": "84d629c49afe8781b39c35d9cd77dd4cb85ef2fdf126232382590664acd43c2a", "fcn": "createOrder", "args": ["ORDER263", "4", "10", "Retailer"], "channelName": "mychannel", "chaincodeName": "beer-supplychain", "username": "client1", "orgName": "Org1"}, "data": {"State": "4", "count": "10", "ctime": "Wed, 17 Apr 2019 04:23:38 UTC", "owner": "Retailer", "utime": "Wed, 17 Apr 2019 04:26:12 UTC"}}