{"txId": "85b0b1cad185b96561ba913ecb7e80dc3a5dbe01da30494be33e04954a8dcbd0", "ctime": "Wed, 17 Apr 2019 05:12:24 UTC", "utime": "Wed, 17 Apr 2019 05:12:31 UTC", "key": "ORDER286", "txData": {"txId": "85b0b1cad185b96561ba913ecb7e80dc3a5dbe01da30494be33e04954a8dcbd0", "fcn": "startTransfer", "args": ["Manufacturer", "10"], "channelName": "mychannel", "chaincodeName": "beer-supplychain", "username": "client1", "orgName": "Org1"}, "data": {"State": "2", "count": "10", "ctime": "Wed, 17 Apr 2019 05:12:24 UTC", "owner": "Manufacturer", "utime": "Wed, 17 Apr 2019 05:12:31 UTC"}}