{"txId": "88a3d7202ef5204beb85992922492a670acfea0b3831f7de50e024f13169684c", "ctime": "Wed, 17 Apr 2019 08:06:52 UTC", "utime": "Wed, 17 Apr 2019 08:08:09 UTC", "key": "ORDER333", "txData": {"txId": "88a3d7202ef5204beb85992922492a670acfea0b3831f7de50e024f13169684c", "fcn": "acceptTransfer", "args": [], "channelName": "mychannel", "chaincodeName": "beer-supplychain", "username": "client1", "orgName": "Org1"}, "data": {"State": "3", "count": "10", "ctime": "Wed, 17 Apr 2019 08:06:52 UTC", "owner": "ShippingCompany", "utime": "Wed, 17 Apr 2019 08:08:09 UTC"}}