{"txId": "88ae2122e50c635736ee58eda7cea86cf1052db91e0ee0b5f6387b7478a85715", "ctime": "Wed, 17 Apr 2019 03:09:59 UTC", "utime": "Wed, 17 Apr 2019 03:10:02 UTC", "key": "ORDER249", "txData": {"txId": "88ae2122e50c635736ee58eda7cea86cf1052db91e0ee0b5f6387b7478a85715", "fcn": "startTransfer", "args": ["Manufacturer", "10"], "channelName": "mychannel", "chaincodeName": "beer-supplychain", "username": "client1", "orgName": "Org1"}, "data": {"State": "2", "count": "10", "ctime": "Wed, 17 Apr 2019 03:09:59 UTC", "owner": "Manufacturer", "utime": "Wed, 17 Apr 2019 03:10:02 UTC"}}