{"txId": "8a2904e19b617cd9cebaf7460ca9f79de7773320cda8fe33f83d4f92153db08c", "ctime": "Wed, 17 Apr 2019 05:13:57 UTC", "utime": "Wed, 17 Apr 2019 05:14:46 UTC", "key": "ORDER289", "txData": {"txId": "8a2904e19b617cd9cebaf7460ca9f79de7773320cda8fe33f83d4f92153db08c", "fcn": "startTransfer", "args": ["Manufacturer", "10"], "channelName": "mychannel", "chaincodeName": "beer-supplychain", "username": "client1", "orgName": "Org1"}, "data": {"State": "2", "count": "10", "ctime": "Wed, 17 Apr 2019 05:13:57 UTC", "owner": "Manufacturer", "utime": "Wed, 17 Apr 2019 05:14:46 UTC"}}