{"txId": "8d76e51e993107eb7a17b50f7716e27eeb14c97e8e93b88951fa633302134358", "ctime": "Wed, 17 Apr 2019 08:04:55 UTC", "utime": "Wed, 17 Apr 2019 08:04:55 UTC", "key": "ORDER324", "txData": {"txId": "8d76e51e993107eb7a17b50f7716e27eeb14c97e8e93b88951fa633302134358", "fcn": "initLedger", "args": [], "channelName": "mychannel", "chaincodeName": "beer-supplychain", "username": "client1", "orgName": "Org1"}, "data": {"State": "1", "count": "0", "ctime": "Wed, 17 Apr 2019 08:04:55 UTC", "owner": "Genesis", "utime": "Wed, 17 Apr 2019 08:04:55 UTC"}}