{"txId": "8dfa95c5eeb5b618f763571ab2eab35309959417ae4065040915014ed22dd660", "ctime": "Wed, 17 Apr 2019 05:35:00 UTC", "utime": "Wed, 17 Apr 2019 05:36:25 UTC", "key": "ORDER296", "txData": {"txId": "8dfa95c5eeb5b618f763571ab2eab35309959417ae4065040915014ed22dd660", "fcn": "acceptTransfer", "args": [], "channelName": "mychannel", "chaincodeName": "beer-supplychain", "username": "client1", "orgName": "Org1"}, "data": {"State": "3", "count": "10", "ctime": "Wed, 17 Apr 2019 05:35:00 UTC", "owner": "Manufacturer", "utime": "Wed, 17 Apr 2019 05:36:25 UTC"}}