{"txId": "8e490b56104c5320feaf7e0b796d727506bc010baf815374c15c84d5058b5162", "ctime": "Wed, 17 Apr 2019 00:22:14 UTC", "utime": "Wed, 17 Apr 2019 00:23:36 UTC", "key": "ORDER210", "txData": {"txId": "8e490b56104c5320feaf7e0b796d727506bc010baf815374c15c84d5058b5162", "fcn": "requestTransfer", "args": ["Retailer", "3"], "channelName": "mychannel", "chaincodeName": "beer-supplychain", "username": "client1", "orgName": "Org1"}, "data": {"State": "2", "count": "3", "ctime": "Wed, 17 Apr 2019 00:22:14 UTC", "owner": "Retailer", "utime": "Wed, 17 Apr 2019 00:23:36 UTC"}}