{"txId": "8ed03fb7ee089b15e15d1c6ccf198cc5a02a84210cd8f7ce0bfa1a9408635ad1", "ctime": "Wed, 17 Apr 2019 00:13:13 UTC", "utime": "Wed, 17 Apr 2019 00:13:16 UTC", "key": "ORDER206", "txData": {"txId": "8ed03fb7ee089b15e15d1c6ccf198cc5a02a84210cd8f7ce0bfa1a9408635ad1", "fcn": "startTransfer", "args": ["Manufacturer", "10"], "channelName": "mychannel", "chaincodeName": "beer-supplychain", "username": "client1", "orgName": "Org1"}, "data": {"State": "2", "count": "10", "ctime": "Wed, 17 Apr 2019 00:13:13 UTC", "owner": "Manufacturer", "utime": "Wed, 17 Apr 2019 00:13:16 UTC"}}