{"txId": "8ed405d713bbbc2a3795ad0beddf443da9410beef8f7f365eda3040c5eaaa572", "ctime": "Wed, 17 Apr 2019 02:17:05 UTC", "utime": "Wed, 17 Apr 2019 02:20:13 UTC", "key": "ORDER230", "txData": {"txId": "8ed405d713bbbc2a3795ad0beddf443da9410beef8f7f365eda3040c5eaaa572", "fcn": "createOrder", "args": ["ORDER230", "4", "10", "ShippingCompany"], "channelName": "mychannel", "chaincodeName": "beer-supplychain", "username": "client1", "orgName": "Org1"}, "data": {"State": "4", "count": "10", "ctime": "Wed, 17 Apr 2019 02:17:05 UTC", "owner": "ShippingCompany", "utime": "Wed, 17 Apr 2019 02:20:13 UTC"}}