{"txId": "902418ee339207d3372c0aaa88340b7b9d004569e32fe1e73b5963204f30f056", "ctime": "Wed, 17 Apr 2019 06:56:38 UTC", "utime": "Wed, 17 Apr 2019 07:09:36 UTC", "key": "ORDER311", "txData": {"txId": "902418ee339207d3372c0aaa88340b7b9d004569e32fe1e73b5963204f30f056", "fcn": "requestTransfer", "args": ["Retailer", "10"], "channelName": "mychannel", "chaincodeName": "beer-supplychain", "username": "client1", "orgName": "Org1"}, "data": {"State": "2", "count": "10", "ctime": "Wed, 17 Apr 2019 06:56:38 UTC", "owner": "Retailer", "utime": "Wed, 17 Apr 2019 07:09:36 UTC"}}