{"txId": "910cd65844388d51a2cf6cdbcc8c0394f1f7305bc31d6aa139fb5360b4031cca", "ctime": "Wed, 17 Apr 2019 16:50:27 UTC", "utime": "Wed, 17 Apr 2019 16:50:31 UTC", "key": "ORDER355", "txData": {"txId": "910cd65844388d51a2cf6cdbcc8c0394f1f7305bc31d6aa139fb5360b4031cca", "fcn": "startTransfer", "args": ["Manufacturer", "30"], "channelName": "mychannel", "chaincodeName": "beer-supplychain", "username": "client1", "orgName": "org1"}, "data": {"State": "2", "count": "30", "ctime": "Wed, 17 Apr 2019 16:50:27 UTC", "owner": "Manufacturer", "utime": "Wed, 17 Apr 2019 16:50:31 UTC"}}