{"txId": "939d50e9773ee5da9c279b4862bdd56a646585c1fa190c2e3724e1d21e9c9f2f", "ctime": "Wed, 17 Apr 2019 03:27:02 UTC", "utime": "Wed, 17 Apr 2019 03:27:33 UTC", "key": "ORDER254", "txData": {"txId": "939d50e9773ee5da9c279b4862bdd56a646585c1fa190c2e3724e1d21e9c9f2f", "fcn": "requestTransfer", "args": ["Retailer", "3"], "channelName": "mychannel", "chaincodeName": "beer-supplychain", "username": "client1", "orgName": "Org1"}, "data": {"State": "2", "count": "3", "ctime": "Wed, 17 Apr 2019 03:27:02 UTC", "owner": "Retailer", "utime": "Wed, 17 Apr 2019 03:27:33 UTC"}}