{"txId": "95aad35e58f37fcb82aaf490d5627bbeffcc9ecee6e487c7bc06640cc2ae83d3", "ctime": "Wed, 17 Apr 2019 04:39:36 UTC", "utime": "Wed, 17 Apr 2019 04:39:36 UTC", "key": "ORDER273", "txData": {"txId": "95aad35e58f37fcb82aaf490d5627bbeffcc9ecee6e487c7bc06640cc2ae83d3", "fcn": "initLedger", "args": [], "channelName": "mychannel", "chaincodeName": "beer-supplychain", "username": "client1", "orgName": "Org1"}, "data": {"State": "1", "count": "0", "ctime": "Wed, 17 Apr 2019 04:39:36 UTC", "owner": "Genesis", "utime": "Wed, 17 Apr 2019 04:39:36 UTC"}}