{"txId": "96975e86e9e2181ccb96b511b4ac2fa1bd51fd4a9288159c7e7c6321db837358", "ctime": "Wed, 17 Apr 2019 06:28:11 UTC", "utime": "Wed, 17 Apr 2019 06:28:13 UTC", "key": "ORDER307", "txData": {"txId": "96975e86e9e2181ccb96b511b4ac2fa1bd51fd4a9288159c7e7c6321db837358", "fcn": "startTransfer", "args": ["Manufacturer", "10"], "channelName": "mychannel", "chaincodeName": "beer-supplychain", "username": "client1", "orgName": "Org1"}, "data": {"State": "2", "count": "10", "ctime": "Wed, 17 Apr 2019 06:28:11 UTC", "owner": "Manufacturer", "utime": "Wed, 17 Apr 2019 06:28:13 UTC"}}