{"txId": "9751d094f5b91be8fad078e4ad2d18f6aed24ddc269d69a2dbc2c3b8bb82e526", "ctime": "Wed, 17 Apr 2019 05:51:02 UTC", "utime": "Wed, 17 Apr 2019 05:51:02 UTC", "key": "ORDER300", "txData": {"txId": "9751d094f5b91be8fad078e4ad2d18f6aed24ddc269d69a2dbc2c3b8bb82e526", "fcn": "initLedger", "args": [], "channelName": "mychannel", "chaincodeName": "beer-supplychain", "username": "client1", "orgName": "Org1"}, "data": {"State": "1", "count": "0", "ctime": "Wed, 17 Apr 2019 05:51:02 UTC", "owner": "Genesis", "utime": "Wed, 17 Apr 2019 05:51:02 UTC"}}