{"txId": "984468c97b3b135e8277c81ad0bef4e30521ab130e6d1d9c9887071a0bbf0fe0", "ctime": "Wed, 17 Apr 2019 00:34:37 UTC", "utime": "Wed, 17 Apr 2019 00:34:37 UTC", "key": "ORDER214", "txData": {"txId": "984468c97b3b135e8277c81ad0bef4e30521ab130e6d1d9c9887071a0bbf0fe0", "fcn": "initLedger", "args": [], "channelName": "mychannel", "chaincodeName": "beer-supplychain", "username": "client1", "orgName": "Org1"}, "data": {"State": "1", "count": "0", "ctime": "Wed, 17 Apr 2019 00:34:37 UTC", "owner": "Genesis", "utime": "Wed, 17 Apr 2019 00:34:37 UTC"}}