{"txId": "98e753a72747a63ad5e1e6d8442d20c62e66cff3b93d711046382c4b02ba1235", "ctime": "Wed, 17 Apr 2019 06:28:23 UTC", "utime": "Wed, 17 Apr 2019 06:30:56 UTC", "key": "ORDER308", "txData": {"txId": "98e753a72747a63ad5e1e6d8442d20c62e66cff3b93d711046382c4b02ba1235", "fcn": "acceptTransfer", "args": [], "channelName": "mychannel", "chaincodeName": "beer-supplychain", "username": "client1", "orgName": "Org1"}, "data": {"State": "3", "count": "10", "ctime": "Wed, 17 Apr 2019 06:28:23 UTC", "owner": "ShippingCompany", "utime": "Wed, 17 Apr 2019 06:30:56 UTC"}}