{"txId": "99274418b26c50a3e20687369fe1e0e664626302be88f555c7dc01176c0c2d2d", "ctime": "Wed, 17 Apr 2019 03:06:54 UTC", "utime": "Wed, 17 Apr 2019 03:07:42 UTC", "key": "ORDER248", "txData": {"txId": "99274418b26c50a3e20687369fe1e0e664626302be88f555c7dc01176c0c2d2d", "fcn": "acceptTransfer", "args": [], "channelName": "mychannel", "chaincodeName": "beer-supplychain", "username": "client1", "orgName": "Org1"}, "data": {"State": "3", "count": "10", "ctime": "Wed, 17 Apr 2019 03:06:54 UTC", "owner": "ShippingCompany", "utime": "Wed, 17 Apr 2019 03:07:42 UTC"}}