{"txId": "9bcaf24caee7a13f663211e0ab65c23cabad8a5f364eeba54297063219c0fe12", "ctime": "Wed, 17 Apr 2019 00:01:30 UTC", "utime": "Wed, 17 Apr 2019 00:02:00 UTC", "key": "ORDER201", "txData": {"txId": "9bcaf24caee7a13f663211e0ab65c23cabad8a5f364eeba54297063219c0fe12", "fcn": "startTransfer", "args": ["Manufacturer", "10"], "channelName": "mychannel", "chaincodeName": "beer-supplychain", "username": "client1", "orgName": "Org1"}, "data": {"State": "2", "count": "10", "ctime": "Wed, 17 Apr 2019 00:01:30 UTC", "owner": "Manufacturer", "utime": "Wed, 17 Apr 2019 00:02:00 UTC"}}