{"txId": "9bddb1bff995bb5aec0eba75a95f4e9c1011e635b934c527125529ca04e1c1cc", "ctime": "Wed, 17 Apr 2019 02:17:05 UTC", "utime": "Wed, 17 Apr 2019 02:18:58 UTC", "key": "ORDER230", "txData": {"txId": "9bddb1bff995bb5aec0eba75a95f4e9c1011e635b934c527125529ca04e1c1cc", "fcn": "acceptTransfer", "args": [], "channelName": "mychannel", "chaincodeName": "beer-supplychain", "username": "client1", "orgName": "Org1"}, "data": {"State": "3", "count": "10", "ctime": "Wed, 17 Apr 2019 02:17:05 UTC", "owner": "Manufacturer", "utime": "Wed, 17 Apr 2019 02:18:58 UTC"}}