{"txId": "9c8b732a16296314ff87ee54856dd57415c15e87c0c928c268aaba10ebbaa977", "ctime": "Wed, 17 Apr 2019 09:11:49 UTC", "utime": "Wed, 17 Apr 2019 09:12:56 UTC", "key": "ORDER349", "txData": {"txId": "9c8b732a16296314ff87ee54856dd57415c15e87c0c928c268aaba10ebbaa977", "fcn": "acceptTransfer", "args": [], "channelName": "mychannel", "chaincodeName": "beer-supplychain", "username": "client1", "orgName": "Org1"}, "data": {"State": "3", "count": "10", "ctime": "Wed, 17 Apr 2019 09:11:49 UTC", "owner": "ShippingCompany", "utime": "Wed, 17 Apr 2019 09:12:56 UTC"}}