{"txId": "9d153ab9207dad817d9cf57e2a0be35acc0bf42d21c146cc329ace49e3a15eef", "ctime": "Wed, 17 Apr 2019 01:53:51 UTC", "utime": "Wed, 17 Apr 2019 01:55:08 UTC", "key": "ORDER223", "txData": {"txId": "9d153ab9207dad817d9cf57e2a0be35acc0bf42d21c146cc329ace49e3a15eef", "fcn": "requestTransfer", "args": ["ShippingCompany", "10"], "channelName": "mychannel", "chaincodeName": "beer-supplychain", "username": "client1", "orgName": "Org1"}, "data": {"State": "2", "count": "10", "ctime": "Wed, 17 Apr 2019 01:53:51 UTC", "owner": "ShippingCompany", "utime": "Wed, 17 Apr 2019 01:55:08 UTC"}}