{"txId": "9ea9aeb53859cfdbdd7cde8813ad6466db1d0d275377d23af590798a0344d304", "ctime": "Wed, 17 Apr 2019 00:14:48 UTC", "utime": "Wed, 17 Apr 2019 00:15:12 UTC", "key": "ORDER207", "txData": {"txId": "9ea9aeb53859cfdbdd7cde8813ad6466db1d0d275377d23af590798a0344d304", "fcn": "requestTransfer", "args": ["ShippingCompany", "10"], "channelName": "mychannel", "chaincodeName": "beer-supplychain", "username": "client1", "orgName": "Org1"}, "data": {"State": "2", "count": "10", "ctime": "Wed, 17 Apr 2019 00:14:48 UTC", "owner": "ShippingCompany", "utime": "Wed, 17 Apr 2019 00:15:12 UTC"}}