{"txId": "a00524bc58776b6e335520e2f34eaba960372b09576b775db9cd6a15b8a03095", "ctime": "Wed, 17 Apr 2019 05:12:53 UTC", "utime": "Wed, 17 Apr 2019 05:13:35 UTC", "key": "ORDER288", "txData": {"txId": "a00524bc58776b6e335520e2f34eaba960372b09576b775db9cd6a15b8a03095", "fcn": "startTransfer", "args": ["Manufacturer", "10"], "channelName": "mychannel", "chaincodeName": "beer-supplychain", "username": "client1", "orgName": "Org1"}, "data": {"State": "2", "count": "10", "ctime": "Wed, 17 Apr 2019 05:12:53 UTC", "owner": "Manufacturer", "utime": "Wed, 17 Apr 2019 05:13:35 UTC"}}