{"txId": "a0c3e10141d97d2b4b6347703e9f7fd341c765701270637b54d1353d209d8587", "ctime": "Wed, 17 Apr 2019 04:03:00 UTC", "utime": "Wed, 17 Apr 2019 04:06:06 UTC", "key": "ORDER257", "txData": {"txId": "a0c3e10141d97d2b4b6347703e9f7fd341c765701270637b54d1353d209d8587", "fcn": "createOrder", "args": ["ORDER257", "4", "10", "ShippingCompany"], "channelName": "mychannel", "chaincodeName": "beer-supplychain", "username": "client1", "orgName": "Org1"}, "data": {"State": "4", "count": "10", "ctime": "Wed, 17 Apr 2019 04:03:00 UTC", "owner": "ShippingCompany", "utime": "Wed, 17 Apr 2019 04:06:06 UTC"}}