{"txId": "a0c30b23a72d6d65a6b21d1a78b39e0c038fb4f29e665f7089fe32b8480b1048", "ctime": "Wed, 17 Apr 2019 07:49:56 UTC", "utime": "Wed, 17 Apr 2019 07:52:41 UTC", "key": "ORDER318", "txData": {"txId": "a0c30b23a72d6d65a6b21d1a78b39e0c038fb4f29e665f7089fe32b8480b1048", "fcn": "requestTransfer", "args": ["ShippingCompany", "10"], "channelName": "mychannel", "chaincodeName": "beer-supplychain", "username": "client1", "orgName": "Org1"}, "data": {"State": "2", "count": "10", "ctime": "Wed, 17 Apr 2019 07:49:56 UTC", "owner": "ShippingCompany", "utime": "Wed, 17 Apr 2019 07:52:41 UTC"}}