{"txId": "a0e1fda1fcf2850f4694e60a11b98ae4864ce50047a062a0ab830c61c6f23fdb", "ctime": "Wed, 17 Apr 2019 03:06:19 UTC", "utime": "Wed, 17 Apr 2019 03:06:19 UTC", "key": "ORDER245", "txData": {"txId": "a0e1fda1fcf2850f4694e60a11b98ae4864ce50047a062a0ab830c61c6f23fdb", "fcn": "initLedger", "args": [], "channelName": "mychannel", "chaincodeName": "beer-supplychain", "username": "client1", "orgName": "Org1"}, "data": {"State": "1", "count": "0", "ctime": "Wed, 17 Apr 2019 03:06:19 UTC", "owner": "Genesis", "utime": "Wed, 17 Apr 2019 03:06:19 UTC"}}