{"txId": "a4ecb00a4da25ea07818bb5452d4776879cb7be5aa4a1008a8979f289cfdcdc7", "ctime": "Wed, 17 Apr 2019 04:32:00 UTC", "utime": "Wed, 17 Apr 2019 04:32:00 UTC", "key": "ORDER268", "txData": {"txId": "a4ecb00a4da25ea07818bb5452d4776879cb7be5aa4a1008a8979f289cfdcdc7", "fcn": "initLedger", "args": [], "channelName": "mychannel", "chaincodeName": "beer-supplychain", "username": "client1", "orgName": "Org1"}, "data": {"State": "1", "count": "0", "ctime": "Wed, 17 Apr 2019 04:32:00 UTC", "owner": "Genesis", "utime": "Wed, 17 Apr 2019 04:32:00 UTC"}}