{"txId": "a7cbd343e0c8e2f870394669b88907428ae5f14b2b304b22c7d88eb759689d37", "ctime": "Wed, 17 Apr 2019 02:25:08 UTC", "utime": "Wed, 17 Apr 2019 02:28:14 UTC", "key": "ORDER234", "txData": {"txId": "a7cbd343e0c8e2f870394669b88907428ae5f14b2b304b22c7d88eb759689d37", "fcn": "acceptTransfer", "args": [], "channelName": "mychannel", "chaincodeName": "beer-supplychain", "username": "client1", "orgName": "Org1"}, "data": {"State": "3", "count": "10", "ctime": "Wed, 17 Apr 2019 02:25:08 UTC", "owner": "ShippingCompany", "utime": "Wed, 17 Apr 2019 02:28:14 UTC"}}