{"txId": "aac08532ee2034caad83149290e05fe7ac8a27f4d5d6bc12902c1507c8ae1dd9", "ctime": "Wed, 17 Apr 2019 05:13:57 UTC", "utime": "Wed, 17 Apr 2019 05:15:42 UTC", "key": "ORDER289", "txData": {"txId": "aac08532ee2034caad83149290e05fe7ac8a27f4d5d6bc12902c1507c8ae1dd9", "fcn": "acceptTransfer", "args": [], "channelName": "mychannel", "chaincodeName": "beer-supplychain", "username": "client1", "orgName": "Org1"}, "data": {"State": "3", "count": "10", "ctime": "Wed, 17 Apr 2019 05:13:57 UTC", "owner": "Manufacturer", "utime": "Wed, 17 Apr 2019 05:15:42 UTC"}}