{"txId": "acc2d38664ecd3c87dbb9367136df0f2373e35382163f06aabd697234562a306", "ctime": "Wed, 17 Apr 2019 04:23:38 UTC", "utime": "Wed, 17 Apr 2019 04:25:40 UTC", "key": "ORDER263", "txData": {"txId": "acc2d38664ecd3c87dbb9367136df0f2373e35382163f06aabd697234562a306", "fcn": "requestTransfer", "args": ["Retailer", "10"], "channelName": "mychannel", "chaincodeName": "beer-supplychain", "username": "client1", "orgName": "Org1"}, "data": {"State": "2", "count": "10", "ctime": "Wed, 17 Apr 2019 04:23:38 UTC", "owner": "Retailer", "utime": "Wed, 17 Apr 2019 04:25:40 UTC"}}