{"txId": "ada58dad714fb44a072f247c1880eb3b8fe93f83d00ae447118bc591e27d6a25", "ctime": "Wed, 17 Apr 2019 03:26:54 UTC", "utime": "Wed, 17 Apr 2019 03:26:54 UTC", "key": "ORDER252", "txData": {"txId": "ada58dad714fb44a072f247c1880eb3b8fe93f83d00ae447118bc591e27d6a25", "fcn": "initLedger", "args": [], "channelName": "mychannel", "chaincodeName": "beer-supplychain", "username": "client1", "orgName": "Org1"}, "data": {"State": "1", "count": "0", "ctime": "Wed, 17 Apr 2019 03:26:54 UTC", "owner": "Genesis", "utime": "Wed, 17 Apr 2019 03:26:54 UTC"}}