{"txId": "aebaeff0b109c3b61f0941752319b72b08d4f1c56144b6de9326ccd5bed66a32", "ctime": "Wed, 17 Apr 2019 08:15:00 UTC", "utime": "Wed, 17 Apr 2019 08:24:29 UTC", "key": "ORDER334", "txData": {"txId": "aebaeff0b109c3b61f0941752319b72b08d4f1c56144b6de9326ccd5bed66a32", "fcn": "acceptTransfer", "args": [], "channelName": "mychannel", "chaincodeName": "beer-supplychain", "username": "client1", "orgName": "Org1"}, "data": {"State": "3", "count": "3", "ctime": "Wed, 17 Apr 2019 08:15:00 UTC", "owner": "Retailer", "utime": "Wed, 17 Apr 2019 08:24:29 UTC"}}