{"txId": "b0106103e68ffb3d5d08c93b13ae9d7d5559d0e34a165f1504ace91ad0a90677", "ctime": "Wed, 17 Apr 2019 05:35:00 UTC", "utime": "Wed, 17 Apr 2019 05:37:17 UTC", "key": "ORDER296", "txData": {"txId": "b0106103e68ffb3d5d08c93b13ae9d7d5559d0e34a165f1504ace91ad0a90677", "fcn": "createOrder", "args": ["ORDER296", "4", "10", "Retailer"], "channelName": "mychannel", "chaincodeName": "beer-supplychain", "username": "client1", "orgName": "Org1"}, "data": {"State": "4", "count": "10", "ctime": "Wed, 17 Apr 2019 05:35:00 UTC", "owner": "Retailer", "utime": "Wed, 17 Apr 2019 05:37:17 UTC"}}