{"txId": "b070dbb62f063f5d90f9a1ccc36a5f73cfdb5553f577a7155b90fb372c8c43be", "ctime": "Wed, 17 Apr 2019 02:35:06 UTC", "utime": "Wed, 17 Apr 2019 02:36:25 UTC", "key": "ORDER235", "txData": {"txId": "b070dbb62f063f5d90f9a1ccc36a5f73cfdb5553f577a7155b90fb372c8c43be", "fcn": "startTransfer", "args": ["Manufacturer", "10"], "channelName": "mychannel", "chaincodeName": "beer-supplychain", "username": "client1", "orgName": "Org1"}, "data": {"State": "2", "count": "10", "ctime": "Wed, 17 Apr 2019 02:35:06 UTC", "owner": "Manufacturer", "utime": "Wed, 17 Apr 2019 02:36:25 UTC"}}