{"txId": "b1b3f8469809bd481a51bdefcb4ac62a79a7af5b990421e2c23a8ef380b5634e", "ctime": "Wed, 17 Apr 2019 00:23:46 UTC", "utime": "Wed, 17 Apr 2019 00:23:46 UTC", "key": "ORDER210", "txData": {"txId": "b1b3f8469809bd481a51bdefcb4ac62a79a7af5b990421e2c23a8ef380b5634e", "fcn": "initLedger", "args": [], "channelName": "mychannel", "chaincodeName": "beer-supplychain", "username": "client1", "orgName": "Org1"}, "data": {"State": "1", "count": "0", "ctime": "Wed, 17 Apr 2019 00:23:46 UTC", "owner": "Genesis", "utime": "Wed, 17 Apr 2019 00:23:46 UTC"}}