{"txId": "b20881b7994fb577a90e034a88725f19d2aaced80fa3d4cc06ca95de02688cc0", "ctime": "Wed, 17 Apr 2019 03:09:59 UTC", "utime": "Wed, 17 Apr 2019 03:09:59 UTC", "key": "ORDER248", "txData": {"txId": "b20881b7994fb577a90e034a88725f19d2aaced80fa3d4cc06ca95de02688cc0", "fcn": "initLedger", "args": [], "channelName": "mychannel", "chaincodeName": "beer-supplychain", "username": "client1", "orgName": "Org1"}, "data": {"State": "1", "count": "0", "ctime": "Wed, 17 Apr 2019 03:09:59 UTC", "owner": "Genesis", "utime": "Wed, 17 Apr 2019 03:09:59 UTC"}}