{"txId": "b4ee039824bbcc6d10372c283f9f08813409615e610b1a39c326e0ab8dccfc41", "ctime": "Wed, 17 Apr 2019 05:12:24 UTC", "utime": "Wed, 17 Apr 2019 05:12:24 UTC", "key": "ORDER285", "txData": {"txId": "b4ee039824bbcc6d10372c283f9f08813409615e610b1a39c326e0ab8dccfc41", "fcn": "initLedger", "args": [], "channelName": "mychannel", "chaincodeName": "beer-supplychain", "username": "client1", "orgName": "Org1"}, "data": {"State": "1", "count": "0", "ctime": "Wed, 17 Apr 2019 05:12:24 UTC", "owner": "Genesis", "utime": "Wed, 17 Apr 2019 05:12:24 UTC"}}