{"txId": "b68948891ce22d2764273e4570aa9a16884b6c6174f05cb94cabd1d80d70fd4a", "ctime": "Wed, 17 Apr 2019 16:37:49 UTC", "utime": "Wed, 17 Apr 2019 16:37:49 UTC", "key": "ORDER353", "txData": {"txId": "b68948891ce22d2764273e4570aa9a16884b6c6174f05cb94cabd1d80d70fd4a", "fcn": "initLedger", "args": [], "channelName": "mychannel", "chaincodeName": "beer-supplychain", "username": "client1", "orgName": "org1"}, "data": {"State": "1", "count": "0", "ctime": "Wed, 17 Apr 2019 16:37:49 UTC", "owner": "Genesis", "utime": "Wed, 17 Apr 2019 16:37:49 UTC"}}