{"txId": "b6dfb9bb4c50e9b6ad7f9778674dbb6e4144a071b13bb3655bc820c112d469a8", "ctime": "Wed, 17 Apr 2019 08:45:39 UTC", "utime": "Wed, 17 Apr 2019 08:48:41 UTC", "key": "ORDER343", "txData": {"txId": "b6dfb9bb4c50e9b6ad7f9778674dbb6e4144a071b13bb3655bc820c112d469a8", "fcn": "createOrder", "args": ["ORDER343", "4", "10", "ShippingCompany"], "channelName": "mychannel", "chaincodeName": "beer-supplychain", "username": "client1", "orgName": "Org1"}, "data": {"State": "4", "count": "10", "ctime": "Wed, 17 Apr 2019 08:45:39 UTC", "owner": "ShippingCompany", "utime": "Wed, 17 Apr 2019 08:48:41 UTC"}}