{"txId": "b7d49450ba67ccebee0c1df727c14e22474e85cfe0efef66b6b55d68879ccf0a", "ctime": "Wed, 17 Apr 2019 01:57:37 UTC", "utime": "Wed, 17 Apr 2019 01:59:10 UTC", "key": "ORDER224", "txData": {"txId": "b7d49450ba67ccebee0c1df727c14e22474e85cfe0efef66b6b55d68879ccf0a", "fcn": "requestTransfer", "args": ["Retailer", "3"], "channelName": "mychannel", "chaincodeName": "beer-supplychain", "username": "client1", "orgName": "Org1"}, "data": {"State": "2", "count": "3", "ctime": "Wed, 17 Apr 2019 01:57:37 UTC", "owner": "Retailer", "utime": "Wed, 17 Apr 2019 01:59:10 UTC"}}