{"txId": "b9086dffc6b1f526080411999603a0956324170aed4878ff02e316f9d7e91f6c", "ctime": "Wed, 17 Apr 2019 06:05:28 UTC", "utime": "Wed, 17 Apr 2019 06:06:49 UTC", "key": "ORDER303", "txData": {"txId": "b9086dffc6b1f526080411999603a0956324170aed4878ff02e316f9d7e91f6c", "fcn": "acceptTransfer", "args": [], "channelName": "mychannel", "chaincodeName": "beer-supplychain", "username": "client1", "orgName": "Org1"}, "data": {"State": "3", "count": "10", "ctime": "Wed, 17 Apr 2019 06:05:28 UTC", "owner": "ShippingCompany", "utime": "Wed, 17 Apr 2019 06:06:49 UTC"}}