{"txId": "b95369c8c7488a240b51384eb0477111e8a1664ae7ee88ef06ed0da667821aa2", "ctime": "Wed, 17 Apr 2019 02:04:01 UTC", "utime": "Wed, 17 Apr 2019 02:07:55 UTC", "key": "ORDER226", "txData": {"txId": "b95369c8c7488a240b51384eb0477111e8a1664ae7ee88ef06ed0da667821aa2", "fcn": "requestTransfer", "args": ["ShippingCompany", "10"], "channelName": "mychannel", "chaincodeName": "beer-supplychain", "username": "client1", "orgName": "Org1"}, "data": {"State": "2", "count": "10", "ctime": "Wed, 17 Apr 2019 02:04:01 UTC", "owner": "ShippingCompany", "utime": "Wed, 17 Apr 2019 02:07:55 UTC"}}