{"txId": "bb23e673944de46244d5071c99b3e77409f86206f682b8c4bc528d1d6dc3e6cc", "ctime": "Wed, 17 Apr 2019 05:17:38 UTC", "utime": "Wed, 17 Apr 2019 05:17:38 UTC", "key": "ORDER289", "txData": {"txId": "bb23e673944de46244d5071c99b3e77409f86206f682b8c4bc528d1d6dc3e6cc", "fcn": "initLedger", "args": [], "channelName": "mychannel", "chaincodeName": "beer-supplychain", "username": "client1", "orgName": "Org1"}, "data": {"State": "1", "count": "0", "ctime": "Wed, 17 Apr 2019 05:17:38 UTC", "owner": "Genesis", "utime": "Wed, 17 Apr 2019 05:17:38 UTC"}}