{"txId": "bc365bdd5693b1f5cb1f4f125fe3ae6359d87dfbcc2b2f6f7812702ff2636812", "ctime": "Wed, 17 Apr 2019 00:23:58 UTC", "utime": "Wed, 17 Apr 2019 00:24:26 UTC", "key": "ORDER212", "txData": {"txId": "bc365bdd5693b1f5cb1f4f125fe3ae6359d87dfbcc2b2f6f7812702ff2636812", "fcn": "requestTransfer", "args": ["Retailer", "3"], "channelName": "mychannel", "chaincodeName": "beer-supplychain", "username": "client1", "orgName": "Org1"}, "data": {"State": "2", "count": "3", "ctime": "Wed, 17 Apr 2019 00:23:58 UTC", "owner": "Retailer", "utime": "Wed, 17 Apr 2019 00:24:26 UTC"}}