{"txId": "bde045d103bac16900d023df35508103b6ffbed43da8a0438438367ccb401282", "ctime": "Wed, 17 Apr 2019 06:56:38 UTC", "utime": "Wed, 17 Apr 2019 07:09:02 UTC", "key": "ORDER311", "txData": {"txId": "bde045d103bac16900d023df35508103b6ffbed43da8a0438438367ccb401282", "fcn": "acceptTransfer", "args": [], "channelName": "mychannel", "chaincodeName": "beer-supplychain", "username": "client1", "orgName": "Org1"}, "data": {"State": "3", "count": "10", "ctime": "Wed, 17 Apr 2019 06:56:38 UTC", "owner": "Manufacturer", "utime": "Wed, 17 Apr 2019 07:09:02 UTC"}}