{"txId": "be2146de16896ba9e527a5a28f33eaed1dd175f865dd30d211f7a8829c9557da", "ctime": "Wed, 17 Apr 2019 01:50:09 UTC", "utime": "Wed, 17 Apr 2019 01:51:28 UTC", "key": "ORDER222", "txData": {"txId": "be2146de16896ba9e527a5a28f33eaed1dd175f865dd30d211f7a8829c9557da", "fcn": "requestTransfer", "args": ["Retailer", "3"], "channelName": "mychannel", "chaincodeName": "beer-supplychain", "username": "client1", "orgName": "Org1"}, "data": {"State": "2", "count": "3", "ctime": "Wed, 17 Apr 2019 01:50:09 UTC", "owner": "Retailer", "utime": "Wed, 17 Apr 2019 01:51:28 UTC"}}