{"txId": "c1efc1272b97ebdf64cf725c88d30fd03ada38be617a6cc7d32c7bacf3d800b4", "ctime": "Wed, 17 Apr 2019 03:27:46 UTC", "utime": "Wed, 17 Apr 2019 03:27:49 UTC", "key": "ORDER255", "txData": {"txId": "c1efc1272b97ebdf64cf725c88d30fd03ada38be617a6cc7d32c7bacf3d800b4", "fcn": "startTransfer", "args": ["Manufacturer", "10"], "channelName": "mychannel", "chaincodeName": "beer-supplychain", "username": "client1", "orgName": "Org1"}, "data": {"State": "2", "count": "10", "ctime": "Wed, 17 Apr 2019 03:27:46 UTC", "owner": "Manufacturer", "utime": "Wed, 17 Apr 2019 03:27:49 UTC"}}