{"txId": "c354c47064775eaa25234d1bbb27a36a9735efbfd07d7d71bae29f628a90b663", "ctime": "Wed, 17 Apr 2019 06:50:10 UTC", "utime": "Wed, 17 Apr 2019 06:55:06 UTC", "key": "ORDER310", "txData": {"txId": "c354c47064775eaa25234d1bbb27a36a9735efbfd07d7d71bae29f628a90b663", "fcn": "acceptTransfer", "args": [], "channelName": "mychannel", "chaincodeName": "beer-supplychain", "username": "client1", "orgName": "Org1"}, "data": {"State": "3", "count": "10", "ctime": "Wed, 17 Apr 2019 06:50:10 UTC", "owner": "Retailer", "utime": "Wed, 17 Apr 2019 06:55:06 UTC"}}