{"txId": "c54ba24c14cac17c4e42ad0ca151ad5574019a836b771a6b60db91663fbbf91c", "ctime": "Wed, 17 Apr 2019 16:50:27 UTC", "utime": "Wed, 17 Apr 2019 16:50:40 UTC", "key": "ORDER355", "txData": {"txId": "c54ba24c14cac17c4e42ad0ca151ad5574019a836b771a6b60db91663fbbf91c", "fcn": "requestTransfer", "args": ["ShippingCompany", "30"], "channelName": "mychannel", "chaincodeName": "beer-supplychain", "username": "client1", "orgName": "org1"}, "data": {"State": "2", "count": "30", "ctime": "Wed, 17 Apr 2019 16:50:27 UTC", "owner": "ShippingCompany", "utime": "Wed, 17 Apr 2019 16:50:40 UTC"}}