{"txId": "c801237f9a56978a96c5fc2946bddfc4c6eed8014dcedeb5719b1c7bd8e555b8", "ctime": "Wed, 17 Apr 2019 04:23:38 UTC", "utime": "Wed, 17 Apr 2019 04:24:08 UTC", "key": "ORDER263", "txData": {"txId": "c801237f9a56978a96c5fc2946bddfc4c6eed8014dcedeb5719b1c7bd8e555b8", "fcn": "startTransfer", "args": ["Manufacturer", "10"], "channelName": "mychannel", "chaincodeName": "beer-supplychain", "username": "client1", "orgName": "Org1"}, "data": {"State": "2", "count": "10", "ctime": "Wed, 17 Apr 2019 04:23:38 UTC", "owner": "Manufacturer", "utime": "Wed, 17 Apr 2019 04:24:08 UTC"}}