{"txId": "ca2d83e8ac61d19021fa6dc0c6f656ad5dfb13d4c482a2ee54d06152c91f3c06", "ctime": "Wed, 17 Apr 2019 05:51:02 UTC", "utime": "Wed, 17 Apr 2019 05:51:56 UTC", "key": "ORDER301", "txData": {"txId": "ca2d83e8ac61d19021fa6dc0c6f656ad5dfb13d4c482a2ee54d06152c91f3c06", "fcn": "requestTransfer", "args": ["ShippingCompany", "10"], "channelName": "mychannel", "chaincodeName": "beer-supplychain", "username": "client1", "orgName": "Org1"}, "data": {"State": "2", "count": "10", "ctime": "Wed, 17 Apr 2019 05:51:02 UTC", "owner": "ShippingCompany", "utime": "Wed, 17 Apr 2019 05:51:56 UTC"}}