{"txId": "ca47ba64e9ab8fa19fe4ea5f13ce71e3236acbe534a53801c35fcbd714ccb9a1", "ctime": "Wed, 17 Apr 2019 08:06:52 UTC", "utime": "Wed, 17 Apr 2019 08:08:37 UTC", "key": "ORDER333", "txData": {"txId": "ca47ba64e9ab8fa19fe4ea5f13ce71e3236acbe534a53801c35fcbd714ccb9a1", "fcn": "acceptTransfer", "args": [], "channelName": "mychannel", "chaincodeName": "beer-supplychain", "username": "client1", "orgName": "Org1"}, "data": {"State": "3", "count": "3", "ctime": "Wed, 17 Apr 2019 08:06:52 UTC", "owner": "Retailer", "utime": "Wed, 17 Apr 2019 08:08:37 UTC"}}