{"txId": "cb253ad53b83494f2292966d33d96ba18bb2e69bfb19e3b86881b5a5dffca26b", "ctime": "Wed, 17 Apr 2019 00:23:58 UTC", "utime": "Wed, 17 Apr 2019 00:24:03 UTC", "key": "ORDER211", "txData": {"txId": "cb253ad53b83494f2292966d33d96ba18bb2e69bfb19e3b86881b5a5dffca26b", "fcn": "createOrder", "args": ["ORDER211", "4", "10", "Manufacturer"], "channelName": "mychannel", "chaincodeName": "beer-supplychain", "username": "client1", "orgName": "Org1"}, "data": {"State": "2", "count": "10", "ctime": "Wed, 17 Apr 2019 00:23:58 UTC", "owner": "Manufacturer", "utime": "Wed, 17 Apr 2019 00:24:03 UTC"}}