{"txId": "cc32668e8c291714371699dbe83bd02738bdb9a4f94f1fe6eaceb5df033a6765", "ctime": "Wed, 17 Apr 2019 00:29:00 UTC", "utime": "Wed, 17 Apr 2019 00:29:52 UTC", "key": "ORDER214", "txData": {"txId": "cc32668e8c291714371699dbe83bd02738bdb9a4f94f1fe6eaceb5df033a6765", "fcn": "requestTransfer", "args": ["Retailer", "3"], "channelName": "mychannel", "chaincodeName": "beer-supplychain", "username": "client1", "orgName": "Org1"}, "data": {"State": "2", "count": "3", "ctime": "Wed, 17 Apr 2019 00:29:00 UTC", "owner": "Retailer", "utime": "Wed, 17 Apr 2019 00:29:52 UTC"}}