{"txId": "cd2f7cec36605339bd4babf7df0756cdf07a960f5f19fcbe6d44c8b42373ae95", "ctime": "Wed, 17 Apr 2019 03:27:46 UTC", "utime": "Wed, 17 Apr 2019 03:29:07 UTC", "key": "ORDER255", "txData": {"txId": "cd2f7cec36605339bd4babf7df0756cdf07a960f5f19fcbe6d44c8b42373ae95", "fcn": "createOrder", "args": ["ORDER255", "4", "10", "Retailer"], "channelName": "mychannel", "chaincodeName": "beer-supplychain", "username": "client1", "orgName": "Org1"}, "data": {"State": "4", "count": "10", "ctime": "Wed, 17 Apr 2019 03:27:46 UTC", "owner": "Retailer", "utime": "Wed, 17 Apr 2019 03:29:07 UTC"}}