{"txId": "cd49edfac39e1151630dcb1c3293736206ae54926a9b60a6321d1041af3951bc", "ctime": "Wed, 17 Apr 2019 08:04:30 UTC", "utime": "Wed, 17 Apr 2019 08:04:30 UTC", "key": "ORDER322", "txData": {"txId": "cd49edfac39e1151630dcb1c3293736206ae54926a9b60a6321d1041af3951bc", "fcn": "initLedger", "args": [], "channelName": "mychannel", "chaincodeName": "beer-supplychain", "username": "client1", "orgName": "Org1"}, "data": {"State": "1", "count": "0", "ctime": "Wed, 17 Apr 2019 08:04:30 UTC", "owner": "Genesis", "utime": "Wed, 17 Apr 2019 08:04:30 UTC"}}