{"txId": "ce46b7fcb45401d12927419c69a9621873e263a907dde02e8eeb5e65725b9dd6", "ctime": "Wed, 17 Apr 2019 05:31:34 UTC", "utime": "Wed, 17 Apr 2019 05:33:36 UTC", "key": "ORDER295", "txData": {"txId": "ce46b7fcb45401d12927419c69a9621873e263a907dde02e8eeb5e65725b9dd6", "fcn": "acceptTransfer", "args": [], "channelName": "mychannel", "chaincodeName": "beer-supplychain", "username": "client1", "orgName": "Org1"}, "data": {"State": "3", "count": "10", "ctime": "Wed, 17 Apr 2019 05:31:34 UTC", "owner": "ShippingCompany", "utime": "Wed, 17 Apr 2019 05:33:36 UTC"}}