{"txId": "d1cc94b09523fb85fdb741c688665ebf055bbc55d3691763bc4bed60e6c98177", "ctime": "Wed, 17 Apr 2019 04:39:46 UTC", "utime": "Wed, 17 Apr 2019 04:39:49 UTC", "key": "ORDER275", "txData": {"txId": "d1cc94b09523fb85fdb741c688665ebf055bbc55d3691763bc4bed60e6c98177", "fcn": "startTransfer", "args": ["Manufacturer", "10"], "channelName": "mychannel", "chaincodeName": "beer-supplychain", "username": "client1", "orgName": "Org1"}, "data": {"State": "2", "count": "10", "ctime": "Wed, 17 Apr 2019 04:39:46 UTC", "owner": "Manufacturer", "utime": "Wed, 17 Apr 2019 04:39:49 UTC"}}