{"txId": "d3bb27ada84c1f481add788da655f22362368b811154fd1a20b9cd423a04d77b", "ctime": "Wed, 17 Apr 2019 04:42:07 UTC", "utime": "Wed, 17 Apr 2019 04:42:07 UTC", "key": "ORDER275", "txData": {"txId": "d3bb27ada84c1f481add788da655f22362368b811154fd1a20b9cd423a04d77b", "fcn": "initLedger", "args": [], "channelName": "mychannel", "chaincodeName": "beer-supplychain", "username": "client1", "orgName": "Org1"}, "data": {"State": "1", "count": "0", "ctime": "Wed, 17 Apr 2019 04:42:07 UTC", "owner": "Genesis", "utime": "Wed, 17 Apr 2019 04:42:07 UTC"}}