{"txId": "d43729dbbaa671071843347df35f1a657f0318f10a8bde47e219ad8ae586fffa", "ctime": "Wed, 17 Apr 2019 05:31:34 UTC", "utime": "Wed, 17 Apr 2019 05:31:34 UTC", "key": "ORDER294", "txData": {"txId": "d43729dbbaa671071843347df35f1a657f0318f10a8bde47e219ad8ae586fffa", "fcn": "initLedger", "args": [], "channelName": "mychannel", "chaincodeName": "beer-supplychain", "username": "client1", "orgName": "Org1"}, "data": {"State": "1", "count": "0", "ctime": "Wed, 17 Apr 2019 05:31:34 UTC", "owner": "Genesis", "utime": "Wed, 17 Apr 2019 05:31:34 UTC"}}