{"txId": "d44c13c1b734c14b4d4f15407f529d37c2974b39cd68a338965fa5cfcda9a8ee", "ctime": "Wed, 17 Apr 2019 04:19:22 UTC", "utime": "Wed, 17 Apr 2019 04:21:08 UTC", "key": "ORDER260", "txData": {"txId": "d44c13c1b734c14b4d4f15407f529d37c2974b39cd68a338965fa5cfcda9a8ee", "fcn": "startTransfer", "args": ["Manufacturer", "10"], "channelName": "mychannel", "chaincodeName": "beer-supplychain", "username": "client1", "orgName": "Org1"}, "data": {"State": "2", "count": "10", "ctime": "Wed, 17 Apr 2019 04:19:22 UTC", "owner": "Manufacturer", "utime": "Wed, 17 Apr 2019 04:21:08 UTC"}}