{"txId": "d4b5de6b0d3d6b9f524354e22737b59f1fe640315c64a84ea713a3d612d9122b", "ctime": "Wed, 17 Apr 2019 08:43:27 UTC", "utime": "Wed, 17 Apr 2019 08:43:27 UTC", "key": "ORDER338", "txData": {"txId": "d4b5de6b0d3d6b9f524354e22737b59f1fe640315c64a84ea713a3d612d9122b", "fcn": "initLedger", "args": [], "channelName": "mychannel", "chaincodeName": "beer-supplychain", "username": "client1", "orgName": "Org1"}, "data": {"State": "1", "count": "0", "ctime": "Wed, 17 Apr 2019 08:43:27 UTC", "owner": "Genesis", "utime": "Wed, 17 Apr 2019 08:43:27 UTC"}}