{"txId": "d6813f2e605cd5f6509c9058648495c5fab4e6162fc4a79b143d69a4f56d531c", "ctime": "Wed, 17 Apr 2019 02:12:44 UTC", "utime": "Wed, 17 Apr 2019 02:13:08 UTC", "key": "ORDER227", "txData": {"txId": "d6813f2e605cd5f6509c9058648495c5fab4e6162fc4a79b143d69a4f56d531c", "fcn": "acceptTransfer", "args": [], "channelName": "mychannel", "chaincodeName": "beer-supplychain", "username": "client1", "orgName": "Org1"}, "data": {"State": "3", "count": "10", "ctime": "Wed, 17 Apr 2019 02:12:44 UTC", "owner": "Manufacturer", "utime": "Wed, 17 Apr 2019 02:13:08 UTC"}}