{"txId": "da08955613aa5b3e770bd3ce9e2af8f7ce2942c30fcd331029c6f6f3ddadd912", "ctime": "Wed, 17 Apr 2019 03:06:54 UTC", "utime": "Wed, 17 Apr 2019 03:06:54 UTC", "key": "ORDER247", "txData": {"txId": "da08955613aa5b3e770bd3ce9e2af8f7ce2942c30fcd331029c6f6f3ddadd912", "fcn": "initLedger", "args": [], "channelName": "mychannel", "chaincodeName": "beer-supplychain", "username": "client1", "orgName": "Org1"}, "data": {"State": "1", "count": "0", "ctime": "Wed, 17 Apr 2019 03:06:54 UTC", "owner": "Genesis", "utime": "Wed, 17 Apr 2019 03:06:54 UTC"}}