{"txId": "db01205f3e94ea4e4d6f6b297dbd744a4fbad4e82ff5ece7b185fd9d5885413d", "ctime": "Wed, 17 Apr 2019 04:42:07 UTC", "utime": "Wed, 17 Apr 2019 04:42:07 UTC", "key": "ORDER275", "txData": {"txId": "db01205f3e94ea4e4d6f6b297dbd744a4fbad4e82ff5ece7b185fd9d5885413d", "fcn": "initLedger", "args": [], "channelName": "mychannel", "chaincodeName": "beer-supplychain", "username": "client1", "orgName": "Org1"}, "data": {"State": "1", "count": "0", "ctime": "Wed, 17 Apr 2019 04:42:07 UTC", "owner": "Genesis", "utime": "Wed, 17 Apr 2019 04:42:07 UTC"}}