{"txId": "dc4033a8953ff509d885bf36259b5cacedbcae3d8092f7a266f4a49f0c7445a1", "ctime": "Wed, 17 Apr 2019 05:45:48 UTC", "utime": "Wed, 17 Apr 2019 05:48:07 UTC", "key": "ORDER297", "txData": {"txId": "dc4033a8953ff509d885bf36259b5cacedbcae3d8092f7a266f4a49f0c7445a1", "fcn": "requestTransfer", "args": ["Retailer", "3"], "channelName": "mychannel", "chaincodeName": "beer-supplychain", "username": "client1", "orgName": "Org1"}, "data": {"State": "2", "count": "3", "ctime": "Wed, 17 Apr 2019 05:45:48 UTC", "owner": "Retailer", "utime": "Wed, 17 Apr 2019 05:48:07 UTC"}}