{"txId": "dc6598a3c548b1c94ef1b17265182ddece928affecf19e547c79d7035dfeddca", "ctime": "Wed, 17 Apr 2019 04:43:16 UTC", "utime": "Wed, 17 Apr 2019 04:44:50 UTC", "key": "ORDER277", "txData": {"txId": "dc6598a3c548b1c94ef1b17265182ddece928affecf19e547c79d7035dfeddca", "fcn": "acceptTransfer", "args": [], "channelName": "mychannel", "chaincodeName": "beer-supplychain", "username": "client1", "orgName": "Org1"}, "data": {"State": "3", "count": "10", "ctime": "Wed, 17 Apr 2019 04:43:16 UTC", "owner": "Manufacturer", "utime": "Wed, 17 Apr 2019 04:44:50 UTC"}}