{"txId": "dcb45cde2a4b2d68de2f845369a27408b64f5a54245ee11fa3b41409fbd265bb", "ctime": "Wed, 17 Apr 2019 08:44:10 UTC", "utime": "Wed, 17 Apr 2019 08:44:10 UTC", "key": "ORDER340", "txData": {"txId": "dcb45cde2a4b2d68de2f845369a27408b64f5a54245ee11fa3b41409fbd265bb", "fcn": "initLedger", "args": [], "channelName": "mychannel", "chaincodeName": "beer-supplychain", "username": "client1", "orgName": "Org1"}, "data": {"State": "1", "count": "0", "ctime": "Wed, 17 Apr 2019 08:44:10 UTC", "owner": "Genesis", "utime": "Wed, 17 Apr 2019 08:44:10 UTC"}}