{"txId": "dd19591a2e5ab7927fb41d2b7e4e990e5ad079ab34ade17c4e7ada5d297c040f", "ctime": "Wed, 17 Apr 2019 08:42:47 UTC", "utime": "Wed, 17 Apr 2019 08:42:50 UTC", "key": "ORDER337", "txData": {"txId": "dd19591a2e5ab7927fb41d2b7e4e990e5ad079ab34ade17c4e7ada5d297c040f", "fcn": "startTransfer", "args": ["Manufacturer", "10"], "channelName": "mychannel", "chaincodeName": "beer-supplychain", "username": "client1", "orgName": "Org1"}, "data": {"State": "2", "count": "10", "ctime": "Wed, 17 Apr 2019 08:42:47 UTC", "owner": "Manufacturer", "utime": "Wed, 17 Apr 2019 08:42:50 UTC"}}