{"txId": "df79ac2a76eaef2f9f9e720952f2fd8bf2d91c2c821095ba7c71b6d25b4ebfff", "ctime": "Wed, 17 Apr 2019 02:22:01 UTC", "utime": "Wed, 17 Apr 2019 02:22:01 UTC", "key": "ORDER230", "txData": {"txId": "df79ac2a76eaef2f9f9e720952f2fd8bf2d91c2c821095ba7c71b6d25b4ebfff", "fcn": "initLedger", "args": [], "channelName": "mychannel", "chaincodeName": "beer-supplychain", "username": "client1", "orgName": "Org1"}, "data": {"State": "1", "count": "0", "ctime": "Wed, 17 Apr 2019 02:22:01 UTC", "owner": "Genesis", "utime": "Wed, 17 Apr 2019 02:22:01 UTC"}}