{"txId": "df8082e463f8402a7ab2712cfb81e2633079f46d5ce4e2afb052e126b93a44ca", "ctime": "Wed, 17 Apr 2019 06:50:10 UTC", "utime": "Wed, 17 Apr 2019 06:54:26 UTC", "key": "ORDER310", "txData": {"txId": "df8082e463f8402a7ab2712cfb81e2633079f46d5ce4e2afb052e126b93a44ca", "fcn": "acceptTransfer", "args": [], "channelName": "mychannel", "chaincodeName": "beer-supplychain", "username": "client1", "orgName": "Org1"}, "data": {"State": "3", "count": "10", "ctime": "Wed, 17 Apr 2019 06:50:10 UTC", "owner": "ShippingCompany", "utime": "Wed, 17 Apr 2019 06:54:26 UTC"}}