{"txId": "dfae928aa0763363b2fdc78b627b1c2b2607ee63cfeea72add84bcee1cccb816", "ctime": "Wed, 17 Apr 2019 06:27:32 UTC", "utime": "Wed, 17 Apr 2019 06:27:57 UTC", "key": "ORDER306", "txData": {"txId": "dfae928aa0763363b2fdc78b627b1c2b2607ee63cfeea72add84bcee1cccb816", "fcn": "startTransfer", "args": ["Manufacturer", "10"], "channelName": "mychannel", "chaincodeName": "beer-supplychain", "username": "client1", "orgName": "Org1"}, "data": {"State": "2", "count": "10", "ctime": "Wed, 17 Apr 2019 06:27:32 UTC", "owner": "Manufacturer", "utime": "Wed, 17 Apr 2019 06:27:57 UTC"}}