{"txId": "e07fdec9372f815e787bddd8c3db03af2b26f7008654d577a28c0a4582686ee5", "ctime": "Wed, 17 Apr 2019 05:59:49 UTC", "utime": "Wed, 17 Apr 2019 06:03:16 UTC", "key": "ORDER302", "txData": {"txId": "e07fdec9372f815e787bddd8c3db03af2b26f7008654d577a28c0a4582686ee5", "fcn": "startTransfer", "args": ["Manufacturer", "10"], "channelName": "mychannel", "chaincodeName": "beer-supplychain", "username": "client1", "orgName": "Org1"}, "data": {"State": "2", "count": "10", "ctime": "Wed, 17 Apr 2019 05:59:49 UTC", "owner": "Manufacturer", "utime": "Wed, 17 Apr 2019 06:03:16 UTC"}}