{"txId": "e0bfec8bd1c880280c9c672aa1222f1a66b60c01c3b434b33d128b365988c729", "ctime": "Wed, 17 Apr 2019 04:39:23 UTC", "utime": "Wed, 17 Apr 2019 04:39:23 UTC", "key": "ORDER272", "txData": {"txId": "e0bfec8bd1c880280c9c672aa1222f1a66b60c01c3b434b33d128b365988c729", "fcn": "initLedger", "args": [], "channelName": "mychannel", "chaincodeName": "beer-supplychain", "username": "client1", "orgName": "Org1"}, "data": {"State": "1", "count": "0", "ctime": "Wed, 17 Apr 2019 04:39:23 UTC", "owner": "Genesis", "utime": "Wed, 17 Apr 2019 04:39:23 UTC"}}