{"txId": "e0ef78a88da340511891aa3841aa179e2590a7218a1144b7d4b255d5a00462b3", "ctime": "Wed, 17 Apr 2019 00:29:00 UTC", "utime": "Wed, 17 Apr 2019 00:29:48 UTC", "key": "ORDER214", "txData": {"txId": "e0ef78a88da340511891aa3841aa179e2590a7218a1144b7d4b255d5a00462b3", "fcn": "acceptTransfer", "args": [], "channelName": "mychannel", "chaincodeName": "beer-supplychain", "username": "client1", "orgName": "Org1"}, "data": {"State": "3", "count": "10", "ctime": "Wed, 17 Apr 2019 00:29:00 UTC", "owner": "ShippingCompany", "utime": "Wed, 17 Apr 2019 00:29:48 UTC"}}