{"txId": "e2e83d2e3a7ef4904ba96db67b291d792a30217237f29208315707fce168a586", "ctime": "Wed, 17 Apr 2019 00:29:00 UTC", "utime": "Wed, 17 Apr 2019 00:29:14 UTC", "key": "ORDER214", "txData": {"txId": "e2e83d2e3a7ef4904ba96db67b291d792a30217237f29208315707fce168a586", "fcn": "startTransfer", "args": ["Manufacturer", "10"], "channelName": "mychannel", "chaincodeName": "beer-supplychain", "username": "client1", "orgName": "Org1"}, "data": {"State": "2", "count": "10", "ctime": "Wed, 17 Apr 2019 00:29:00 UTC", "owner": "Manufacturer", "utime": "Wed, 17 Apr 2019 00:29:14 UTC"}}