{"txId": "e3222ec0254482bd20b48e191de152d704e3f03cae46812d2a1cd84302a5c73b", "ctime": "Wed, 17 Apr 2019 08:49:08 UTC", "utime": "Wed, 17 Apr 2019 08:49:47 UTC", "key": "ORDER344", "txData": {"txId": "e3222ec0254482bd20b48e191de152d704e3f03cae46812d2a1cd84302a5c73b", "fcn": "createOrder", "args": ["ORDER344", "5", "3", "Retailer"], "channelName": "mychannel", "chaincodeName": "beer-supplychain", "username": "client1", "orgName": "Org1"}, "data": {"State": "5", "count": "3", "ctime": "Wed, 17 Apr 2019 08:49:08 UTC", "owner": "Retailer", "utime": "Wed, 17 Apr 2019 08:49:47 UTC"}}