{"txId": "e366f3177037e82eef158515697daf32fb399d668d371c0797c23bfe3f63baf7", "ctime": "Wed, 17 Apr 2019 16:39:29 UTC", "utime": "Wed, 17 Apr 2019 16:40:53 UTC", "key": "ORDER354", "txData": {"txId": "e366f3177037e82eef158515697daf32fb399d668d371c0797c23bfe3f63baf7", "fcn": "createOrder", "args": ["ORDER354", "4", "30", "Retailer"], "channelName": "mychannel", "chaincodeName": "beer-supplychain", "username": "client1", "orgName": "Org1"}, "data": {"State": "4", "count": "30", "ctime": "Wed, 17 Apr 2019 16:39:29 UTC", "owner": "Retailer", "utime": "Wed, 17 Apr 2019 16:40:53 UTC"}}