{"txId": "e3e962fc743a8bea12bf7959c8386d718d8245cbf0a7e040392ea9ec468c1476", "ctime": "Wed, 17 Apr 2019 04:07:02 UTC", "utime": "Wed, 17 Apr 2019 04:07:08 UTC", "key": "ORDER258", "txData": {"txId": "e3e962fc743a8bea12bf7959c8386d718d8245cbf0a7e040392ea9ec468c1476", "fcn": "startTransfer", "args": ["Manufacturer", "10"], "channelName": "mychannel", "chaincodeName": "beer-supplychain", "username": "client1", "orgName": "Org1"}, "data": {"State": "2", "count": "10", "ctime": "Wed, 17 Apr 2019 04:07:02 UTC", "owner": "Manufacturer", "utime": "Wed, 17 Apr 2019 04:07:08 UTC"}}