{"txId": "e5032b67396a40108ed475b52887ae2e245fa8ee58dc3c21f008cf309128bbf5", "ctime": "Wed, 17 Apr 2019 08:05:01 UTC", "utime": "Wed, 17 Apr 2019 08:05:01 UTC", "key": "ORDER325", "txData": {"txId": "e5032b67396a40108ed475b52887ae2e245fa8ee58dc3c21f008cf309128bbf5", "fcn": "initLedger", "args": [], "channelName": "mychannel", "chaincodeName": "beer-supplychain", "username": "client1", "orgName": "Org1"}, "data": {"State": "1", "count": "0", "ctime": "Wed, 17 Apr 2019 08:05:01 UTC", "owner": "Genesis", "utime": "Wed, 17 Apr 2019 08:05:01 UTC"}}