{"txId": "e5206322021ace1933aa47198375e4a5de695bf076660208300f6d0b61818d67", "ctime": "Wed, 17 Apr 2019 00:29:00 UTC", "utime": "Wed, 17 Apr 2019 00:29:00 UTC", "key": "ORDER213", "txData": {"txId": "e5206322021ace1933aa47198375e4a5de695bf076660208300f6d0b61818d67", "fcn": "initLedger", "args": [], "channelName": "mychannel", "chaincodeName": "beer-supplychain", "username": "client1", "orgName": "Org1"}, "data": {"State": "1", "count": "0", "ctime": "Wed, 17 Apr 2019 00:29:00 UTC", "owner": "Genesis", "utime": "Wed, 17 Apr 2019 00:29:00 UTC"}}