{"txId": "e55404044031c261da9e645ed76ee79321dc1b3894f8f98d37e1ed1f00e04a35", "ctime": "Wed, 17 Apr 2019 06:56:38 UTC", "utime": "Wed, 17 Apr 2019 07:08:14 UTC", "key": "ORDER311", "txData": {"txId": "e55404044031c261da9e645ed76ee79321dc1b3894f8f98d37e1ed1f00e04a35", "fcn": "startTransfer", "args": ["Manufacturer", "10"], "channelName": "mychannel", "chaincodeName": "beer-supplychain", "username": "client1", "orgName": "Org1"}, "data": {"State": "2", "count": "10", "ctime": "Wed, 17 Apr 2019 06:56:38 UTC", "owner": "Manufacturer", "utime": "Wed, 17 Apr 2019 07:08:14 UTC"}}