{"txId": "e812ca7af15ff4e73786f6ce29093f7f5f45909cb9f48ab2496afeac3a7ad8c2", "ctime": "Wed, 17 Apr 2019 02:25:08 UTC", "utime": "Wed, 17 Apr 2019 02:28:17 UTC", "key": "ORDER234", "txData": {"txId": "e812ca7af15ff4e73786f6ce29093f7f5f45909cb9f48ab2496afeac3a7ad8c2", "fcn": "requestTransfer", "args": ["Retailer", "3"], "channelName": "mychannel", "chaincodeName": "beer-supplychain", "username": "client1", "orgName": "Org1"}, "data": {"State": "2", "count": "3", "ctime": "Wed, 17 Apr 2019 02:25:08 UTC", "owner": "Retailer", "utime": "Wed, 17 Apr 2019 02:28:17 UTC"}}