{"txId": "e8e467ba8043931435231f42ca0bad299defc3c2a811f046290bdb264f03fcfb", "ctime": "Wed, 17 Apr 2019 03:26:51 UTC", "utime": "Wed, 17 Apr 2019 03:26:51 UTC", "key": "ORDER252", "txData": {"txId": "e8e467ba8043931435231f42ca0bad299defc3c2a811f046290bdb264f03fcfb", "fcn": "initLedger", "args": [], "channelName": "mychannel", "chaincodeName": "beer-supplychain", "username": "client1", "orgName": "Org1"}, "data": {"State": "1", "count": "0", "ctime": "Wed, 17 Apr 2019 03:26:51 UTC", "owner": "Genesis", "utime": "Wed, 17 Apr 2019 03:26:51 UTC"}}