{"txId": "ec48591d24ffb9d3e65b7e3aeb2d6bb3040f8ece13dca9bf05c30d43251b609b", "ctime": "Wed, 17 Apr 2019 04:31:26 UTC", "utime": "Wed, 17 Apr 2019 04:31:30 UTC", "key": "ORDER265", "txData": {"txId": "ec48591d24ffb9d3e65b7e3aeb2d6bb3040f8ece13dca9bf05c30d43251b609b", "fcn": "startTransfer", "args": ["Manufacturer", "10"], "channelName": "mychannel", "chaincodeName": "beer-supplychain", "username": "client1", "orgName": "Org1"}, "data": {"State": "2", "count": "10", "ctime": "Wed, 17 Apr 2019 04:31:26 UTC", "owner": "Manufacturer", "utime": "Wed, 17 Apr 2019 04:31:30 UTC"}}