{"txId": "ed8b61cba52468dd8ce8ed307aac11f4ca76c501e866e40c0ec32d15b388f25f", "ctime": "Wed, 17 Apr 2019 00:26:37 UTC", "utime": "Wed, 17 Apr 2019 00:27:13 UTC", "key": "ORDER213", "txData": {"txId": "ed8b61cba52468dd8ce8ed307aac11f4ca76c501e866e40c0ec32d15b388f25f", "fcn": "acceptTransfer", "args": [], "channelName": "mychannel", "chaincodeName": "beer-supplychain", "username": "client1", "orgName": "Org1"}, "data": {"State": "3", "count": "10", "ctime": "Wed, 17 Apr 2019 00:26:37 UTC", "owner": "Manufacturer", "utime": "Wed, 17 Apr 2019 00:27:13 UTC"}}