{"txId": "f1b9564daca9b409687df6599ed4f8e55e3a6cd7ebdbc7cbfb331b94f35ebd8c", "ctime": "Wed, 17 Apr 2019 16:52:02 UTC", "utime": "Wed, 17 Apr 2019 16:52:14 UTC", "key": "ORDER356", "txData": {"txId": "f1b9564daca9b409687df6599ed4f8e55e3a6cd7ebdbc7cbfb331b94f35ebd8c", "fcn": "requestTransfer", "args": ["ShippingCompany", "30"], "channelName": "mychannel", "chaincodeName": "beer-supplychain", "username": "client1", "orgName": "org1"}, "data": {"State": "2", "count": "30", "ctime": "Wed, 17 Apr 2019 16:52:02 UTC", "owner": "ShippingCompany", "utime": "Wed, 17 Apr 2019 16:52:14 UTC"}}