{"txId": "f30759fb7fc787a5663cbb8ae7b865390f05f5e3f07b2ca2bdd813fff124f602", "ctime": "Wed, 17 Apr 2019 08:06:33 UTC", "utime": "Wed, 17 Apr 2019 08:06:47 UTC", "key": "ORDER332", "txData": {"txId": "f30759fb7fc787a5663cbb8ae7b865390f05f5e3f07b2ca2bdd813fff124f602", "fcn": "startTransfer", "args": ["Manufacturer", "10"], "channelName": "mychannel", "chaincodeName": "beer-supplychain", "username": "client1", "orgName": "Org1"}, "data": {"State": "2", "count": "10", "ctime": "Wed, 17 Apr 2019 08:06:33 UTC", "owner": "Manufacturer", "utime": "Wed, 17 Apr 2019 08:06:47 UTC"}}