{"txId": "f35e16605830a0ea2d4eabf28fcfc351d0cb453f250fa72effa83b012132b9c7", "ctime": "Wed, 17 Apr 2019 00:04:52 UTC", "utime": "Wed, 17 Apr 2019 00:05:37 UTC", "key": "ORDER204", "txData": {"txId": "f35e16605830a0ea2d4eabf28fcfc351d0cb453f250fa72effa83b012132b9c7", "fcn": "acceptTransfer", "args": [], "channelName": "mychannel", "chaincodeName": "beer-supplychain", "username": "client1", "orgName": "Org1"}, "data": {"State": "3", "count": "3", "ctime": "Wed, 17 Apr 2019 00:04:52 UTC", "owner": "Retailer", "utime": "Wed, 17 Apr 2019 00:05:37 UTC"}}