{"txId": "f35ec5ff7f8737bf9f636f316d7d6e0b05c58e7cbafe83e70c2603c700ba231c", "ctime": "Wed, 17 Apr 2019 08:04:56 UTC", "utime": "Wed, 17 Apr 2019 08:04:56 UTC", "key": "ORDER324", "txData": {"txId": "f35ec5ff7f8737bf9f636f316d7d6e0b05c58e7cbafe83e70c2603c700ba231c", "fcn": "initLedger", "args": [], "channelName": "mychannel", "chaincodeName": "beer-supplychain", "username": "client1", "orgName": "Org1"}, "data": {"State": "1", "count": "0", "ctime": "Wed, 17 Apr 2019 08:04:56 UTC", "owner": "Genesis", "utime": "Wed, 17 Apr 2019 08:04:56 UTC"}}