{"txId": "f406eebf2b54c9f52871a83a132f85ba7ce381073138df0a88907c86e60fb8f6", "ctime": "Wed, 17 Apr 2019 04:03:00 UTC", "utime": "Wed, 17 Apr 2019 04:05:39 UTC", "key": "ORDER257", "txData": {"txId": "f406eebf2b54c9f52871a83a132f85ba7ce381073138df0a88907c86e60fb8f6", "fcn": "acceptTransfer", "args": [], "channelName": "mychannel", "chaincodeName": "beer-supplychain", "username": "client1", "orgName": "Org1"}, "data": {"State": "3", "count": "10", "ctime": "Wed, 17 Apr 2019 04:03:00 UTC", "owner": "ShippingCompany", "utime": "Wed, 17 Apr 2019 04:05:39 UTC"}}