{"txId": "f452abd59ea26438033bf1a29ee770643e1c739d7e01503693340a47d5c5c1cb", "ctime": "Wed, 17 Apr 2019 05:07:17 UTC", "utime": "Wed, 17 Apr 2019 05:07:17 UTC", "key": "ORDER284", "txData": {"txId": "f452abd59ea26438033bf1a29ee770643e1c739d7e01503693340a47d5c5c1cb", "fcn": "initLedger", "args": [], "channelName": "mychannel", "chaincodeName": "beer-supplychain", "username": "client1", "orgName": "Org1"}, "data": {"State": "1", "count": "0", "ctime": "Wed, 17 Apr 2019 05:07:17 UTC", "owner": "Genesis", "utime": "Wed, 17 Apr 2019 05:07:17 UTC"}}