{"txId": "f6402008f0c782c5507eb2fce7dae08a8a108077b2f1beb1e6f6a2310fd76352", "ctime": "Wed, 17 Apr 2019 02:39:37 UTC", "utime": "Wed, 17 Apr 2019 02:42:01 UTC", "key": "ORDER236", "txData": {"txId": "f6402008f0c782c5507eb2fce7dae08a8a108077b2f1beb1e6f6a2310fd76352", "fcn": "acceptTransfer", "args": [], "channelName": "mychannel", "chaincodeName": "beer-supplychain", "username": "client1", "orgName": "Org1"}, "data": {"State": "3", "count": "10", "ctime": "Wed, 17 Apr 2019 02:39:37 UTC", "owner": "ShippingCompany", "utime": "Wed, 17 Apr 2019 02:42:01 UTC"}}