{"txId": "f6c7293e4bc4c5f8a8520b2b1d8cb369fd13796c729c3f5df06b071a6fac4b8e", "ctime": "Wed, 17 Apr 2019 04:50:07 UTC", "utime": "Wed, 17 Apr 2019 04:51:56 UTC", "key": "ORDER281", "txData": {"txId": "f6c7293e4bc4c5f8a8520b2b1d8cb369fd13796c729c3f5df06b071a6fac4b8e", "fcn": "acceptTransfer", "args": [], "channelName": "mychannel", "chaincodeName": "beer-supplychain", "username": "client1", "orgName": "Org1"}, "data": {"State": "3", "count": "3", "ctime": "Wed, 17 Apr 2019 04:50:07 UTC", "owner": "Retailer", "utime": "Wed, 17 Apr 2019 04:51:56 UTC"}}