{"txId": "f7f3cbdc1cc69737dbeef68650b765c21398a0c630e2b2f0fa94d6d67001d330", "ctime": "Wed, 17 Apr 2019 06:20:12 UTC", "utime": "Wed, 17 Apr 2019 06:20:24 UTC", "key": "ORDER305", "txData": {"txId": "f7f3cbdc1cc69737dbeef68650b765c21398a0c630e2b2f0fa94d6d67001d330", "fcn": "startTransfer", "args": ["Manufacturer", "10"], "channelName": "mychannel", "chaincodeName": "beer-supplychain", "username": "client1", "orgName": "Org1"}, "data": {"State": "2", "count": "10", "ctime": "Wed, 17 Apr 2019 06:20:12 UTC", "owner": "Manufacturer", "utime": "Wed, 17 Apr 2019 06:20:24 UTC"}}