{"txId": "f83fafbe83770d1467c5f3a3201149c44f35c0b9a2ac4346803d14a66795138b", "ctime": "Wed, 17 Apr 2019 04:39:14 UTC", "utime": "Wed, 17 Apr 2019 04:39:17 UTC", "key": "ORDER272", "txData": {"txId": "f83fafbe83770d1467c5f3a3201149c44f35c0b9a2ac4346803d14a66795138b", "fcn": "startTransfer", "args": ["Manufacturer", "10"], "channelName": "mychannel", "chaincodeName": "beer-supplychain", "username": "client1", "orgName": "Org1"}, "data": {"State": "2", "count": "10", "ctime": "Wed, 17 Apr 2019 04:39:14 UTC", "owner": "Manufacturer", "utime": "Wed, 17 Apr 2019 04:39:17 UTC"}}