{"txId": "f9b3447cdf495a5634f6eccd83ad93288b6824af644981017887a9a6a4afe499", "ctime": "Wed, 17 Apr 2019 05:59:49 UTC", "utime": "Wed, 17 Apr 2019 06:04:45 UTC", "key": "ORDER302", "txData": {"txId": "f9b3447cdf495a5634f6eccd83ad93288b6824af644981017887a9a6a4afe499", "fcn": "createOrder", "args": ["ORDER302", "5", "3", "Retailer"], "channelName": "mychannel", "chaincodeName": "beer-supplychain", "username": "client1", "orgName": "Org1"}, "data": {"State": "5", "count": "3", "ctime": "Wed, 17 Apr 2019 05:59:49 UTC", "owner": "Retailer", "utime": "Wed, 17 Apr 2019 06:04:45 UTC"}}