{"txId": "fb71b35ba4aecddafaa70d4569e2fd343f161e1f02c48116d1aa2c932bb333b3", "ctime": "Wed, 17 Apr 2019 07:49:56 UTC", "utime": "Wed, 17 Apr 2019 07:53:11 UTC", "key": "ORDER318", "txData": {"txId": "fb71b35ba4aecddafaa70d4569e2fd343f161e1f02c48116d1aa2c932bb333b3", "fcn": "acceptTransfer", "args": [], "channelName": "mychannel", "chaincodeName": "beer-supplychain", "username": "client1", "orgName": "Org1"}, "data": {"State": "3", "count": "10", "ctime": "Wed, 17 Apr 2019 07:49:56 UTC", "owner": "ShippingCompany", "utime": "Wed, 17 Apr 2019 07:53:11 UTC"}}