{"txId": "fe20e1818a831e65aaa237a44780966dcaa3e116a28cc0de45ad322da8b98029", "ctime": "Wed, 17 Apr 2019 04:39:07 UTC", "utime": "Wed, 17 Apr 2019 04:39:09 UTC", "key": "ORDER271", "txData": {"txId": "fe20e1818a831e65aaa237a44780966dcaa3e116a28cc0de45ad322da8b98029", "fcn": "startTransfer", "args": ["Manufacturer", "10"], "channelName": "mychannel", "chaincodeName": "beer-supplychain", "username": "client1", "orgName": "Org1"}, "data": {"State": "2", "count": "10", "ctime": "Wed, 17 Apr 2019 04:39:07 UTC", "owner": "Manufacturer", "utime": "Wed, 17 Apr 2019 04:39:09 UTC"}}