{"txId": "fed4f365653fbe85db9779ded1ecc664c3aaf01b56105a4b0e114b2a4f5b1008", "ctime": "Wed, 17 Apr 2019 00:34:37 UTC", "utime": "Wed, 17 Apr 2019 00:37:08 UTC", "key": "ORDER215", "txData": {"txId": "fed4f365653fbe85db9779ded1ecc664c3aaf01b56105a4b0e114b2a4f5b1008", "fcn": "acceptTransfer", "args": [], "channelName": "mychannel", "chaincodeName": "beer-supplychain", "username": "client1", "orgName": "Org1"}, "data": {"State": "3", "count": "10", "ctime": "Wed, 17 Apr 2019 00:34:37 UTC", "owner": "Manufacturer", "utime": "Wed, 17 Apr 2019 00:37:08 UTC"}}