{"txId": "070774ee774f48aac2626d72d7d4cef8110c012677865364fdd39cbb1ba3dc59", "ctime": "Wed, 10 Apr 2019 00:35:16 UTC", "utime": "Wed, 10 Apr 2019 00:35:20 UTC", "key": "ORDER104", "txData": {"txId": "070774ee774f48aac2626d72d7d4cef8110c012677865364fdd39cbb1ba3dc59", "fcn": "startTransfer", "args": ["Manufacturer", "10"], "channelName": "mychannel", "chaincodeName": "beer-supplychain", "username": "client1", "orgName": "org1"}, "data": {"State": "2", "count": "10", "ctime": "Wed, 10 Apr 2019 00:35:16 UTC", "owner": "Manufacturer", "utime": "Wed, 10 Apr 2019 00:35:20 UTC"}}