{"txId": "08ca2e570a0f7d3821cc42287e5152be7cc6ffad8a1a2b5ade9c124940c5202a", "ctime": "Wed, 10 Apr 2019 01:21:16 UTC", "utime": "Wed, 10 Apr 2019 01:41:48 UTC", "key": "ORDER105", "txData": {"txId": "08ca2e570a0f7d3821cc42287e5152be7cc6ffad8a1a2b5ade9c124940c5202a", "fcn": "acceptTransfer", "args": [], "channelName": "mychannel", "chaincodeName": "beer-supplychain", "username": "client1", "orgName": "org1"}, "data": {"State": "3", "count": "5", "ctime": "Wed, 10 Apr 2019 01:21:16 UTC", "owner": "ShippingCompany", "utime": "Wed, 10 Apr 2019 01:41:48 UTC"}}