{"txId": "0c63c86a48e4bfe86201a41b0051fbea599b0d85b302a81a7d5b02f347fdb4bc", "ctime": "Wed, 10 Apr 2019 01:56:07 UTC", "utime": "Wed, 10 Apr 2019 01:56:14 UTC", "key": "ORDER112", "txData": {"txId": "0c63c86a48e4bfe86201a41b0051fbea599b0d85b302a81a7d5b02f347fdb4bc", "fcn": "startTransfer", "args": ["Manufacturer", "10"], "channelName": "mychannel", "chaincodeName": "beer-supplychain", "username": "client1", "orgName": "org1"}, "data": {"State": "2", "count": "10", "ctime": "Wed, 10 Apr 2019 01:56:07 UTC", "owner": "Manufacturer", "utime": "Wed, 10 Apr 2019 01:56:14 UTC"}}