{"txId": "276f09304f58cba5e868cb803608b933c1cf0fa34fc509d65cd32d62a10749ad", "ctime": "Wed, 10 Apr 2019 05:54:39 UTC", "utime": "Wed, 10 Apr 2019 05:55:56 UTC", "key": "ORDER114", "txData": {"txId": "276f09304f58cba5e868cb803608b933c1cf0fa34fc509d65cd32d62a10749ad", "fcn": "requestTransfer", "args": ["ShippingCompany", "10"], "channelName": "mychannel", "chaincodeName": "beer-supplychain", "username": "client1", "orgName": "org1"}, "data": {"State": "2", "count": "10", "ctime": "Wed, 10 Apr 2019 05:54:39 UTC", "owner": "ShippingCompany", "utime": "Wed, 10 Apr 2019 05:55:56 UTC"}}