{"txId": "2bd2841cac77599a880a55ced9cb8b9a3c79985a2b0b37b5ac9e18ab728cbc9e", "ctime": "Wed, 10 Apr 2019 01:56:07 UTC", "utime": "Wed, 10 Apr 2019 01:56:43 UTC", "key": "ORDER112", "txData": {"txId": "2bd2841cac77599a880a55ced9cb8b9a3c79985a2b0b37b5ac9e18ab728cbc9e", "fcn": "acceptTransfer", "args": [], "channelName": "mychannel", "chaincodeName": "beer-supplychain", "username": "client1", "orgName": "org1"}, "data": {"State": "3", "count": "10", "ctime": "Wed, 10 Apr 2019 01:56:07 UTC", "owner": "ShippingCompany", "utime": "Wed, 10 Apr 2019 01:56:43 UTC"}}