{"txId": "2d7576c56401fdc1ec0a98cf8a9cd30f757225ac55faed4126d6c996b86b80f3", "ctime": "Wed, 10 Apr 2019 01:56:07 UTC", "utime": "Wed, 10 Apr 2019 01:56:53 UTC", "key": "ORDER112", "txData": {"txId": "2d7576c56401fdc1ec0a98cf8a9cd30f757225ac55faed4126d6c996b86b80f3", "fcn": "requestTransfer", "args": ["Retailer", "10"], "channelName": "mychannel", "chaincodeName": "beer-supplychain", "username": "client1", "orgName": "org1"}, "data": {"State": "2", "count": "10", "ctime": "Wed, 10 Apr 2019 01:56:07 UTC", "owner": "Retailer", "utime": "Wed, 10 Apr 2019 01:56:53 UTC"}}