{"txId": "309dbd3c189b3f1e3b0d0453c737051cd0f8f987a3b1815bd39cedf0897e77a8", "ctime": "Wed, 10 Apr 2019 01:21:16 UTC", "utime": "Wed, 10 Apr 2019 01:41:59 UTC", "key": "ORDER105", "txData": {"txId": "309dbd3c189b3f1e3b0d0453c737051cd0f8f987a3b1815bd39cedf0897e77a8", "fcn": "requestTransfer", "args": ["Retailer", "10"], "channelName": "mychannel", "chaincodeName": "beer-supplychain", "username": "client1", "orgName": "org1"}, "data": {"State": "2", "count": "10", "ctime": "Wed, 10 Apr 2019 01:21:16 UTC", "owner": "Retailer", "utime": "Wed, 10 Apr 2019 01:41:59 UTC"}}