{"txId": "3548cd41b3420e36cb091a75e177d311d32ee923a789608c916f3842ad20ddcc", "ctime": "Wed, 10 Apr 2019 08:02:17 UTC", "utime": "Wed, 10 Apr 2019 08:03:37 UTC", "key": "ORDER115", "txData": {"txId": "3548cd41b3420e36cb091a75e177d311d32ee923a789608c916f3842ad20ddcc", "fcn": "acceptTransfer", "args": [], "channelName": "mychannel", "chaincodeName": "beer-supplychain", "username": "client1", "orgName": "org1"}, "data": {"State": "3", "count": "3", "ctime": "Wed, 10 Apr 2019 08:02:17 UTC", "owner": "Manufacturer", "utime": "Wed, 10 Apr 2019 08:03:37 UTC"}}