{"txId": "3f72ca01e12f4f6c386c63da967b10921febf065f08d652f4151cfd4d487d29d", "ctime": "Wed, 10 Apr 2019 08:02:17 UTC", "utime": "Wed, 10 Apr 2019 08:03:26 UTC", "key": "ORDER115", "txData": {"txId": "3f72ca01e12f4f6c386c63da967b10921febf065f08d652f4151cfd4d487d29d", "fcn": "startTransfer", "args": ["Manufacturer", "3"], "channelName": "mychannel", "chaincodeName": "beer-supplychain", "username": "client1", "orgName": "Org1"}, "data": {"State": "2", "count": "3", "ctime": "Wed, 10 Apr 2019 08:02:17 UTC", "owner": "Manufacturer", "utime": "Wed, 10 Apr 2019 08:03:26 UTC"}}