{"txId": "489c9db140521ebecf013378a8dba3f6bad5111405cf2226567401613297a156", "ctime": "Wed, 10 Apr 2019 05:54:39 UTC", "utime": "Wed, 10 Apr 2019 05:59:22 UTC", "key": "ORDER114", "txData": {"txId": "489c9db140521ebecf013378a8dba3f6bad5111405cf2226567401613297a156", "fcn": "acceptTransfer", "args": [], "channelName": "mychannel", "chaincodeName": "beer-supplychain", "username": "client1", "orgName": "org1"}, "data": {"State": "3", "count": "10", "ctime": "Wed, 10 Apr 2019 05:54:39 UTC", "owner": "ShippingCompany", "utime": "Wed, 10 Apr 2019 05:59:22 UTC"}}