{"txId": "4a4ddba5f094c58716e00f7855c984ba0abb12b1c953db2ffdbd676eea3dccc4", "ctime": "Wed, 10 Apr 2019 01:45:36 UTC", "utime": "Wed, 10 Apr 2019 01:45:42 UTC", "key": "ORDER107", "txData": {"txId": "4a4ddba5f094c58716e00f7855c984ba0abb12b1c953db2ffdbd676eea3dccc4", "fcn": "startTransfer", "args": ["Manufacturer", "10"], "channelName": "mychannel", "chaincodeName": "beer-supplychain", "username": "client1", "orgName": "org1"}, "data": {"State": "2", "count": "10", "ctime": "Wed, 10 Apr 2019 01:45:36 UTC", "owner": "Manufacturer", "utime": "Wed, 10 Apr 2019 01:45:42 UTC"}}