{"txId": "4e73a0479e81ffe7a19dacca99da750ead18f33959717585fd2c59beaae24486", "ctime": "Wed, 10 Apr 2019 01:21:16 UTC", "utime": "Wed, 10 Apr 2019 01:36:26 UTC", "key": "ORDER105", "txData": {"txId": "4e73a0479e81ffe7a19dacca99da750ead18f33959717585fd2c59beaae24486", "fcn": "startTransfer", "args": ["Manufacturer", "10"], "channelName": "mychannel", "chaincodeName": "beer-supplychain", "username": "client1", "orgName": "org1"}, "data": {"State": "2", "count": "10", "ctime": "Wed, 10 Apr 2019 01:21:16 UTC", "owner": "Manufacturer", "utime": "Wed, 10 Apr 2019 01:36:26 UTC"}}