{"txId": "51b7f80a4bbab22d98c85ab99bbdaca8fcb7058c910cc44f528bb009b5fab5f0", "ctime": "Wed, 10 Apr 2019 04:32:21 UTC", "utime": "Wed, 10 Apr 2019 04:43:46 UTC", "key": "ORDER113", "txData": {"txId": "51b7f80a4bbab22d98c85ab99bbdaca8fcb7058c910cc44f528bb009b5fab5f0", "fcn": "acceptTransfer", "args": [], "channelName": "mychannel", "chaincodeName": "beer-supplychain", "username": "client1", "orgName": "Org1"}, "data": {"State": "3", "count": "10", "ctime": "Wed, 10 Apr 2019 04:32:21 UTC", "owner": "ShippingCompany", "utime": "Wed, 10 Apr 2019 04:43:46 UTC"}}