{"txId": "550eb453d5395c923757e409e29382b7969a1ac49e696c2d160400e75624d2b6", "ctime": "Wed, 10 Apr 2019 01:56:07 UTC", "utime": "Wed, 10 Apr 2019 01:56:19 UTC", "key": "ORDER112", "txData": {"txId": "550eb453d5395c923757e409e29382b7969a1ac49e696c2d160400e75624d2b6", "fcn": "acceptTransfer", "args": [], "channelName": "mychannel", "chaincodeName": "beer-supplychain", "username": "client1", "orgName": "org1"}, "data": {"State": "3", "count": "10", "ctime": "Wed, 10 Apr 2019 01:56:07 UTC", "owner": "Manufacturer", "utime": "Wed, 10 Apr 2019 01:56:19 UTC"}}