{"txId": "673d02b588d2ad90f3d4ba96b9af24705f9f9a30f8057fa8cfd3414b2deefcc5", "ctime": "Wed, 10 Apr 2019 05:54:39 UTC", "utime": "Wed, 10 Apr 2019 05:55:44 UTC", "key": "ORDER114", "txData": {"txId": "673d02b588d2ad90f3d4ba96b9af24705f9f9a30f8057fa8cfd3414b2deefcc5", "fcn": "acceptTransfer", "args": [], "channelName": "mychannel", "chaincodeName": "beer-supplychain", "username": "client1", "orgName": "org1"}, "data": {"State": "3", "count": "10", "ctime": "Wed, 10 Apr 2019 05:54:39 UTC", "owner": "Manufacturer", "utime": "Wed, 10 Apr 2019 05:55:44 UTC"}}