{"txId": "6d6762d3924855a039ddb13c83eecfb24f86d422b8648b0ad9bd41955234ed42", "ctime": "Wed, 10 Apr 2019 08:02:17 UTC", "utime": "Wed, 10 Apr 2019 08:04:49 UTC", "key": "ORDER115", "txData": {"txId": "6d6762d3924855a039ddb13c83eecfb24f86d422b8648b0ad9bd41955234ed42", "fcn": "requestTransfer", "args": ["Retailer", "2"], "channelName": "mychannel", "chaincodeName": "beer-supplychain", "username": "client1", "orgName": "org1"}, "data": {"State": "2", "count": "2", "ctime": "Wed, 10 Apr 2019 08:02:17 UTC", "owner": "Retailer", "utime": "Wed, 10 Apr 2019 08:04:49 UTC"}}