{"txId": "710881d265f54ad09a638d6ef3ce56890e334889f491c8aa3a067ac9f7bb692c", "ctime": "Wed, 10 Apr 2019 01:45:36 UTC", "utime": "Wed, 10 Apr 2019 01:45:36 UTC", "key": "ORDER106", "txData": {"txId": "710881d265f54ad09a638d6ef3ce56890e334889f491c8aa3a067ac9f7bb692c", "fcn": "initLedger", "args": [], "channelName": "mychannel", "chaincodeName": "beer-supplychain", "username": "client1", "orgName": "org1"}, "data": {"State": "1", "count": "0", "ctime": "Wed, 10 Apr 2019 01:45:36 UTC", "owner": "Genesis", "utime": "Wed, 10 Apr 2019 01:45:36 UTC"}}