{"txId": "788135abf8b6761afec86afc632d9218159a5204bc7a9227b64dad6ca92942f5", "ctime": "Wed, 10 Apr 2019 01:53:41 UTC", "utime": "Wed, 10 Apr 2019 01:53:46 UTC", "key": "ORDER110", "txData": {"txId": "788135abf8b6761afec86afc632d9218159a5204bc7a9227b64dad6ca92942f5", "fcn": "startTransfer", "args": ["Manufacturer", "10"], "channelName": "mychannel", "chaincodeName": "beer-supplychain", "username": "client1", "orgName": "org1"}, "data": {"State": "2", "count": "10", "ctime": "Wed, 10 Apr 2019 01:53:41 UTC", "owner": "Manufacturer", "utime": "Wed, 10 Apr 2019 01:53:46 UTC"}}