{"txId": "947aa5fab556418674bf7bfc9a329fef3f361c67943364546a475ee0a45bf493", "ctime": "Wed, 10 Apr 2019 04:32:21 UTC", "utime": "Wed, 10 Apr 2019 04:43:11 UTC", "key": "ORDER113", "txData": {"txId": "947aa5fab556418674bf7bfc9a329fef3f361c67943364546a475ee0a45bf493", "fcn": "requestTransfer", "args": ["ShippingCompany", "10"], "channelName": "mychannel", "chaincodeName": "beer-supplychain", "username": "client1", "orgName": "org1"}, "data": {"State": "2", "count": "10", "ctime": "Wed, 10 Apr 2019 04:32:21 UTC", "owner": "ShippingCompany", "utime": "Wed, 10 Apr 2019 04:43:11 UTC"}}