{"txId": "99cf0d53e6446fb0f4d2313b9a996406e17386f9528f3780c40219da7fd9c9ee", "ctime": "Wed, 10 Apr 2019 01:52:46 UTC", "utime": "Wed, 10 Apr 2019 01:52:51 UTC", "key": "ORDER109", "txData": {"txId": "99cf0d53e6446fb0f4d2313b9a996406e17386f9528f3780c40219da7fd9c9ee", "fcn": "startTransfer", "args": ["Manufacturer", "10"], "channelName": "mychannel", "chaincodeName": "beer-supplychain", "username": "client1", "orgName": "org1"}, "data": {"State": "2", "count": "10", "ctime": "Wed, 10 Apr 2019 01:52:46 UTC", "owner": "Manufacturer", "utime": "Wed, 10 Apr 2019 01:52:51 UTC"}}