{"txId": "9f0d3e6c2cf06b14d6e7cfbdd5cb42547d15ec51788cc6dbb65befa1a401d126", "ctime": "Wed, 10 Apr 2019 08:02:17 UTC", "utime": "Wed, 10 Apr 2019 08:02:17 UTC", "key": "ORDER114", "txData": {"txId": "9f0d3e6c2cf06b14d6e7cfbdd5cb42547d15ec51788cc6dbb65befa1a401d126", "fcn": "initLedger", "args": [], "channelName": "mychannel", "chaincodeName": "beer-supplychain", "username": "client1", "orgName": "Org1"}, "data": {"State": "1", "count": "0", "ctime": "Wed, 10 Apr 2019 08:02:17 UTC", "owner": "Genesis", "utime": "Wed, 10 Apr 2019 08:02:17 UTC"}}