{"txId": "a4aa6d040f0af081ed926fed978a775aaa6591048b72350dbf2d030cabe9489c", "ctime": "Wed, 10 Apr 2019 04:32:21 UTC", "utime": "Wed, 10 Apr 2019 04:42:53 UTC", "key": "ORDER113", "txData": {"txId": "a4aa6d040f0af081ed926fed978a775aaa6591048b72350dbf2d030cabe9489c", "fcn": "acceptTransfer", "args": [], "channelName": "mychannel", "chaincodeName": "beer-supplychain", "username": "client1", "orgName": "org1"}, "data": {"State": "3", "count": "10", "ctime": "Wed, 10 Apr 2019 04:32:21 UTC", "owner": "Manufacturer", "utime": "Wed, 10 Apr 2019 04:42:53 UTC"}}