{"txId": "bfbee50a87871ae8494fcfe99d37dac46a61e6d5305f2cf6facce76de3a81889", "ctime": "Wed, 10 Apr 2019 04:32:21 UTC", "utime": "Wed, 10 Apr 2019 04:43:38 UTC", "key": "ORDER113", "txData": {"txId": "bfbee50a87871ae8494fcfe99d37dac46a61e6d5305f2cf6facce76de3a81889", "fcn": "requestTransfer", "args": ["ShippingCompany", "10"], "channelName": "mychannel", "chaincodeName": "beer-supplychain", "username": "client1", "orgName": "Org1"}, "data": {"State": "2", "count": "10", "ctime": "Wed, 10 Apr 2019 04:32:21 UTC", "owner": "ShippingCompany", "utime": "Wed, 10 Apr 2019 04:43:38 UTC"}}