{"txId": "c0d3ea12f3474e4e74d95a5808fd7391dfa23990f3c17dc09cfda0a19022bda9", "ctime": "Wed, 10 Apr 2019 04:32:21 UTC", "utime": "Wed, 10 Apr 2019 04:32:21 UTC", "key": "ORDER112", "txData": {"txId": "c0d3ea12f3474e4e74d95a5808fd7391dfa23990f3c17dc09cfda0a19022bda9", "fcn": "initLedger", "args": [], "channelName": "mychannel", "chaincodeName": "beer-supplychain", "username": "client1", "orgName": "Org1"}, "data": {"State": "1", "count": "0", "ctime": "Wed, 10 Apr 2019 04:32:21 UTC", "owner": "Genesis", "utime": "Wed, 10 Apr 2019 04:32:21 UTC"}}