{"txId": "c8776a982a87c52b17999833760da0729532e6976aedd5372eb6a8d51ead440b", "ctime": "Wed, 10 Apr 2019 01:56:07 UTC", "utime": "Wed, 10 Apr 2019 01:56:07 UTC", "key": "ORDER111", "txData": {"txId": "c8776a982a87c52b17999833760da0729532e6976aedd5372eb6a8d51ead440b", "fcn": "initLedger", "args": [], "channelName": "mychannel", "chaincodeName": "beer-supplychain", "username": "client1", "orgName": "org1"}, "data": {"State": "1", "count": "0", "ctime": "Wed, 10 Apr 2019 01:56:07 UTC", "owner": "Genesis", "utime": "Wed, 10 Apr 2019 01:56:07 UTC"}}