{"txId": "d1c05ed59a202afe72006a2853448d0c9bd80ffe8f2916d7058328738f6f35c5", "ctime": "Wed, 10 Apr 2019 01:54:57 UTC", "utime": "Wed, 10 Apr 2019 01:54:57 UTC", "key": "ORDER110", "txData": {"txId": "d1c05ed59a202afe72006a2853448d0c9bd80ffe8f2916d7058328738f6f35c5", "fcn": "initLedger", "args": [], "channelName": "mychannel", "chaincodeName": "beer-supplychain", "username": "client1", "orgName": "org1"}, "data": {"State": "1", "count": "0", "ctime": "Wed, 10 Apr 2019 01:54:57 UTC", "owner": "Genesis", "utime": "Wed, 10 Apr 2019 01:54:57 UTC"}}