{"txId": "d29d6814eedbbda76dd9b40952ade041ce5b13238f42a42b0fd62d5fd16fe294", "ctime": "Wed, 10 Apr 2019 05:54:39 UTC", "utime": "Wed, 10 Apr 2019 05:54:39 UTC", "key": "ORDER113", "txData": {"txId": "d29d6814eedbbda76dd9b40952ade041ce5b13238f42a42b0fd62d5fd16fe294", "fcn": "initLedger", "args": [], "channelName": "mychannel", "chaincodeName": "beer-supplychain", "username": "client1", "orgName": "org1"}, "data": {"State": "1", "count": "0", "ctime": "Wed, 10 Apr 2019 05:54:39 UTC", "owner": "Genesis", "utime": "Wed, 10 Apr 2019 05:54:39 UTC"}}