{"txId": "df9460fcdbad9d75845d120b8c624488647aeecaeb8d93c196b3e0bf40643bb9", "ctime": "Wed, 10 Apr 2019 01:56:07 UTC", "utime": "Wed, 10 Apr 2019 01:56:58 UTC", "key": "ORDER112", "txData": {"txId": "df9460fcdbad9d75845d120b8c624488647aeecaeb8d93c196b3e0bf40643bb9", "fcn": "acceptTransfer", "args": [], "channelName": "mychannel", "chaincodeName": "beer-supplychain", "username": "client1", "orgName": "org1"}, "data": {"State": "3", "count": "10", "ctime": "Wed, 10 Apr 2019 01:56:07 UTC", "owner": "Retailer", "utime": "Wed, 10 Apr 2019 01:56:58 UTC"}}